"04.01.2022","1,33780","1,30170","1,36290","1,25120","22,80M","2,82%"
"03.01.2022","1,30110","1,29890","1,34150","1,25600","20,79M","0,07%"
"02.01.2022","1,30020","1,25600","1,33910","1,22400","19,05M","3,49%"
"01.01.2022","1,25640","1,20530","1,26430","1,20530","11,54M","4,32%"
"31.12.2021","1,20440","1,18770","1,27350","1,17970","19,26M","1,35%"
"30.12.2021","1,18840","1,15200","1,23920","1,11240","21,53M","3,36%"
"29.12.2021","1,14980","1,21950","1,24660","1,13920","18,77M","-5,54%"
"28.12.2021","1,21720","1,38080","1,38080","1,21100","22,17M","-11,77%"
"27.12.2021","1,37950","1,33760","1,45080","1,33760","22,83M","3,24%"
"26.12.2021","1,33620","1,33620","1,36480","1,28690","13,17M","-0,01%"
"25.12.2021","1,33640","1,31390","1,39120","1,30410","17,86M","1,76%"
"24.12.2021","1,31330","1,34110","1,37860","1,29340","22,29M","-2,22%"
"23.12.2021","1,34310","1,18840","1,34310","1,17750","30,13M","13,17%"
"22.12.2021","1,18680","1,16320","1,23070","1,14790","22,80M","1,91%"
"21.12.2021","1,16450","1,10690","1,18110","1,08730","17,67M","5,20%"
"20.12.2021","1,10690","1,13190","1,15970","1,04650","19,15M","-2,34%"
"19.12.2021","1,13340","1,17640","1,20230","1,11830","13,84M","-3,64%"
"18.12.2021","1,17620","1,15130","1,21290","1,10610","19,64M","2,30%"
"17.12.2021","1,14970","1,12920","1,19220","1,05880","24,21M","1,67%"
"16.12.2021","1,13080","1,11750","1,23840","1,11410","36,14M","1,05%"
"15.12.2021","1,11910","1,06630","1,14140","0,98760","31,21M","4,92%"
"14.12.2021","1,06660","1,02900","1,07920","0,99990","25,54M","3,81%"
"13.12.2021","1,02750","1,19900","1,20170","1,01550","31,16M","-14,35%"
"12.12.2021","1,19970","1,14830","1,22270","1,09770","28,52M","4,80%"
"11.12.2021","1,14480","1,06490","1,14870","1,03160","23,82M","7,50%"
"10.12.2021","1,06490","1,14190","1,19680","1,06440","31,83M","-6,46%"
"09.12.2021","1,13840","1,30320","1,31430","1,13660","27,52M","-12,52%"
"08.12.2021","1,30130","1,32770","1,35350","1,21830","35,54M","-1,80%"
"07.12.2021","1,32510","1,36280","1,40680","1,29690","49,34M","-2,63%"
"06.12.2021","1,36090","1,16700","1,37490","1,11060","115,45M","16,82%"
"05.12.2021","1,16500","1,12480","1,22470","1,05020","84,41M","3,29%"
"04.12.2021","1,12790","1,28220","1,28370","0,88230","85,62M","-12,08%"
"03.12.2021","1,28290","1,42810","1,42810","1,24310","41,98M","-10,04%"
"02.12.2021","1,42610","1,49190","1,51470","1,38180","45,77M","-4,27%"
"01.12.2021","1,48970","1,45860","1,63800","1,44470","79,08M","2,22%"
"30.11.2021","1,45740","1,61430","1,61530","1,44200","46,26M","-9,83%"
"29.11.2021","1,61630","1,65680","1,70860","1,53710","64,38M","-2,63%"
"28.11.2021","1,65990","1,76310","1,91790","1,50560","171,98M","-5,57%"
"27.11.2021","1,75790","1,33630","1,82500","1,33630","209,44M","31,90%"
"26.11.2021","1,33280","1,42090","1,85060","1,32260","366,14M","-6,02%"
"25.11.2021","1,41820","1,12830","1,44760","1,11520","163,91M","25,53%"
"24.11.2021","1,12980","1,06410","1,13840","1,02360","32,37M","5,74%"
"23.11.2021","1,06850","1,03830","1,06850","1,00100","15,76M","2,84%"
"22.11.2021","1,03900","1,07460","1,07640","1,01240","19,37M","-3,37%"
"21.11.2021","1,07520","1,10910","1,11680","1,05760","17,37M","-3,03%"
"20.11.2021","1,10880","1,12370","1,15650","1,06130","28,42M","-1,52%"
"19.11.2021","1,12590","0,97750","1,14170","0,96440","41,51M","15,09%"
"18.11.2021","0,97830","1,06480","1,08130","0,95320","26,56M","-8,24%"
"17.11.2021","1,06610","1,06590","1,13730","1,04780","24,71M","0,29%"
"16.11.2021","1,06300","1,14430","1,14430","0,97000","47,55M","-7,12%"
"15.11.2021","1,14450","1,14830","1,22880","1,13270","48,74M","-0,33%"
"14.11.2021","1,14830","1,14310","1,18110","1,11910","18,61M","0,52%"
"13.11.2021","1,14240","1,16810","1,22890","1,13670","30,81M","-2,25%"
"12.11.2021","1,16870","1,11740","1,22810","1,10130","58,61M","4,45%"
"11.11.2021","1,11890","1,07970","1,15800","1,05780","28,90M","3,37%"
"10.11.2021","1,08240","1,16920","1,18370","1,02010","56,68M","-7,39%"
"09.11.2021","1,16880","1,26450","1,38710","1,16200","191,56M","-8,40%"
"08.11.2021","1,27600","0,99870","1,28360","0,96560","161,97M","27,87%"
"07.11.2021","0,99790","1,01000","1,02870","0,98180","14,43M","-1,18%"
"06.11.2021","1,00980","0,96910","1,01750","0,95300","31,29M","4,26%"
"05.11.2021","0,96850","0,97580","1,03500","0,95250","30,42M","-0,78%"
"04.11.2021","0,97610","0,96910","1,02930","0,93230","41,62M","0,81%"
"03.11.2021","0,96830","1,03560","1,03790","0,94200","39,14M","-6,13%"
"02.11.2021","1,03150","1,02020","1,11690","1,00830","55,65M","1,06%"
"01.11.2021","1,02070","0,99460","1,08810","0,95960","85,58M","2,70%"
"31.10.2021","0,99390","1,24260","1,43740","0,96120","235,56M","-19,93%"
"30.10.2021","1,24130","0,85420","1,46360","0,78750","455,18M","45,83%"
"29.10.2021","0,85120","0,69550","0,90910","0,69240","154,80M","22,70%"
"28.10.2021","0,69370","0,63880","0,70210","0,63230","12,34M","8,85%"
"27.10.2021","0,63730","0,71290","0,73070","0,63730","22,53M","-10,53%"
"26.10.2021","0,71230","0,70350","0,74080","0,70050","19,83M","1,34%"
"25.10.2021","0,70290","0,68880","0,70390","0,68440","7,59M","2,09%"
"24.10.2021","0,68850","0,71300","0,71910","0,67760","8,57M","-3,37%"
"23.10.2021","0,71250","0,69840","0,71700","0,69170","6,29M","2,12%"
"22.10.2021","0,69770","0,69090","0,71600","0,68930","7,59M","1,07%"
"21.10.2021","0,69030","0,71150","0,72830","0,68890","14,94M","-2,94%"
"20.10.2021","0,71120","0,68040","0,71250","0,67220","10,16M","4,43%"
"19.10.2021","0,68100","0,68250","0,69890","0,67240","9,46M","-0,09%"
"18.10.2021","0,68160","0,69040","0,69510","0,67130","5,67M","-1,29%"
"17.10.2021","0,69050","0,71750","0,71750","0,67300","7,63M","-3,84%"
"16.10.2021","0,71810","0,69310","0,74150","0,69050","19,56M","3,86%"
"15.10.2021","0,69140","0,70330","0,70830","0,67390","13,56M","-1,72%"
"14.10.2021","0,70350","0,70630","0,72420","0,69520","10,00M","-0,48%"
"13.10.2021","0,70690","0,69710","0,70740","0,68320","15,56M","1,52%"
"12.10.2021","0,69630","0,70270","0,70280","0,66410","8,61M","-0,94%"
"11.10.2021","0,70290","0,71850","0,73780","0,68960","9,68M","-2,18%"
"10.10.2021","0,71860","0,76260","0,76260","0,71270","8,21M","-5,43%"
"09.10.2021","0,75990","0,74830","0,76960","0,73440","11,18M","1,70%"
"08.10.2021","0,74720","0,73400","0,78250","0,73400","27,62M","2,08%"
"07.10.2021","0,73200","0,73630","0,73820","0,71400","9,23M","-0,58%"
"06.10.2021","0,73630","0,74250","0,74500","0,69300","13,97M","-0,70%"
"05.10.2021","0,74150","0,70760","0,74310","0,70130","11,47M","5,01%"
"04.10.2021","0,70610","0,72940","0,72970","0,68720","10,51M","-3,17%"
"03.10.2021","0,72920","0,70850","0,73770","0,69430","11,08M","2,95%"
"02.10.2021","0,70830","0,68000","0,73030","0,66890","11,22M","4,18%"
"01.10.2021","0,67990","0,63170","0,68170","0,62070","11,43M","7,58%"
"30.09.2021","0,63200","0,59460","0,64060","0,59110","10,49M","6,36%"
"29.09.2021","0,59420","0,58040","0,60750","0,57800","7,52M","2,31%"
"28.09.2021","0,58080","0,60750","0,61690","0,57920","9,61M","-4,35%"
"27.09.2021","0,60720","0,63790","0,65350","0,60630","7,89M","-4,69%"
"26.09.2021","0,63710","0,64280","0,65600","0,59580","9,10M","-0,99%"
"25.09.2021","0,64350","0,65380","0,65890","0,62890","5,81M","-1,58%"
"24.09.2021","0,65380","0,70260","0,70470","0,61350","13,28M","-6,95%"
"23.09.2021","0,70260","0,68640","0,71700","0,67450","10,51M","2,49%"
"22.09.2021","0,68550","0,60620","0,68660","0,59510","9,44M","13,16%"
"21.09.2021","0,60580","0,65120","0,67510","0,59910","12,20M","-6,84%"
"20.09.2021","0,65030","0,73900","0,74060","0,63160","17,32M","-12,01%"
"19.09.2021","0,73910","0,75430","0,75490","0,72560","6,25M","-2,03%"
"18.09.2021","0,75440","0,75210","0,77360","0,74050","6,42M","0,33%"
"17.09.2021","0,75190","0,77520","0,78060","0,73900","8,56M","-2,99%"
"16.09.2021","0,77510","0,79300","0,80850","0,75690","11,29M","-2,21%"
"15.09.2021","0,79260","0,78190","0,79860","0,77380","8,29M","1,37%"
"14.09.2021","0,78190","0,75410","0,78510","0,74760","7,86M","3,70%"
"13.09.2021","0,75400","0,80980","0,81550","0,71370","11,33M","-6,83%"
"12.09.2021","0,80930","0,77210","0,81560","0,75720","8,80M","4,70%"
"11.09.2021","0,77300","0,76280","0,79560","0,75570","6,53M","1,44%"
"10.09.2021","0,76200","0,81180","0,84000","0,73880","16,20M","-6,08%"
"09.09.2021","0,81130","0,77330","0,84230","0,76050","18,19M","5,31%"
"08.09.2021","0,77040","0,77960","0,79820","0,70160","15,45M","-0,44%"
"07.09.2021","0,77380","0,95530","0,95660","0,68430","36,29M","-18,99%"
"06.09.2021","0,95520","0,98390","0,98920","0,91790","14,89M","-2,88%"
"05.09.2021","0,98350","0,92080","1,00280","0,90740","23,69M","6,81%"
"04.09.2021","0,92080","0,87930","0,95000","0,87660","25,69M","4,79%"
"03.09.2021","0,87870","0,84880","0,88720","0,83160","13,31M","3,56%"
"02.09.2021","0,84850","0,86430","0,87000","0,84100","13,18M","-1,86%"
"01.09.2021","0,86460","0,81460","0,86490","0,79780","12,70M","6,14%"
"31.08.2021","0,81460","0,79150","0,84330","0,77920","13,83M","2,63%"
"30.08.2021","0,79370","0,81430","0,84710","0,78160","11,28M","-2,55%"
"29.08.2021","0,81450","0,82000","0,83560","0,79400","7,10M","-0,60%"
"28.08.2021","0,81940","0,84560","0,84710","0,80680","6,94M","-3,09%"
"27.08.2021","0,84550","0,79390","0,84650","0,75950","10,06M","6,53%"
"26.08.2021","0,79370","0,86230","0,86720","0,78430","13,24M","-7,91%"
"25.08.2021","0,86190","0,82000","0,86310","0,79140","18,34M","5,30%"
"24.08.2021","0,81850","0,89440","0,89920","0,80000","22,98M","-8,47%"
"23.08.2021","0,89420","0,88180","0,90320","0,84550","39,26M","2,78%"
"22.08.2021","0,87000","0,77900","0,88820","0,77720","47,92M","11,68%"
"21.08.2021","0,77900","0,78300","0,80430","0,76100","16,88M","-0,54%"
"20.08.2021","0,78320","0,75860","0,78680","0,74560","12,64M","3,38%"
"19.08.2021","0,75760","0,71670","0,75770","0,69830","14,19M","5,74%"
"18.08.2021","0,71650","0,73510","0,74490","0,69720","14,63M","-2,69%"
"17.08.2021","0,73630","0,78300","0,81300","0,73250","17,01M","-5,95%"
"16.08.2021","0,78290","0,81250","0,82610","0,77370","17,94M","-3,56%"
"15.08.2021","0,81180","0,78000","0,81800","0,75140","20,03M","4,08%"
"14.08.2021","0,78000","0,79130","0,79130","0,74450","13,40M","-1,12%"
"13.08.2021","0,78880","0,71510","0,79040","0,70790","13,00M","10,32%"
"12.08.2021","0,71500","0,74370","0,77400","0,68980","16,05M","-3,95%"
"11.08.2021","0,74440","0,72260","0,77800","0,71740","18,84M","3,06%"
"10.08.2021","0,72230","0,70130","0,72460","0,68810","12,60M","2,99%"
"09.08.2021","0,70130","0,67370","0,71050","0,64960","12,46M","4,27%"
"08.08.2021","0,67260","0,72140","0,73150","0,66480","13,01M","-6,69%"
"07.08.2021","0,72080","0,69640","0,73590","0,68710","19,70M","3,62%"
"06.08.2021","0,69560","0,67790","0,70610","0,66150","10,71M","2,60%"
"05.08.2021","0,67800","0,66880","0,69050","0,64660","11,47M","1,24%"
"04.08.2021","0,66970","0,64100","0,68000","0,62980","10,17M","4,51%"
"03.08.2021","0,64080","0,65640","0,66200","0,62070","6,27M","-2,26%"
"02.08.2021","0,65560","0,65950","0,67080","0,63810","8,48M","-0,62%"
"01.08.2021","0,65970","0,65640","0,71990","0,64850","34,22M","1,60%"
"31.07.2021","0,64930","0,61370","0,65860","0,60860","13,87M","5,53%"
"30.07.2021","0,61530","0,59490","0,62000","0,57390","12,27M","3,45%"
"29.07.2021","0,59480","0,57140","0,60260","0,55660","7,43M","4,46%"
"28.07.2021","0,56940","0,57350","0,58530","0,55150","9,32M","-0,65%"
"27.07.2021","0,57310","0,54760","0,57830","0,53600","11,09M","4,68%"
"26.07.2021","0,54750","0,54230","0,59850","0,54090","18,36M","1,01%"
"25.07.2021","0,54200","0,53780","0,54250","0,52570","5,84M","-0,75%"
"24.07.2021","0,54610","0,52530","0,55480","0,52090","10,49M","4,06%"
"23.07.2021","0,52480","0,51320","0,52990","0,50170","8,98M","2,28%"
"22.07.2021","0,51310","0,50350","0,52220","0,49560","10,53M","1,95%"
"21.07.2021","0,50330","0,46500","0,50660","0,45680","15,55M","7,89%"
"20.07.2021","0,46650","0,49550","0,50200","0,45650","14,66M","-5,57%"
"19.07.2021","0,49400","0,51800","0,51990","0,48810","11,78M","-4,87%"
"18.07.2021","0,51930","0,53360","0,55480","0,51480","17,57M","-2,77%"
"17.07.2021","0,53410","0,54880","0,60150","0,53140","57,44M","-2,80%"
"16.07.2021","0,54950","0,50800","0,57770","0,49430","40,55M","8,40%"
"15.07.2021","0,50690","0,53090","0,53930","0,49910","8,44M","-4,54%"
"14.07.2021","0,53100","0,53580","0,53750","0,49820","8,55M","-0,77%"
"13.07.2021","0,53510","0,54800","0,55330","0,52720","6,79M","-2,43%"
"12.07.2021","0,54840","0,56290","0,57180","0,54050","6,23M","-2,47%"
"11.07.2021","0,56230","0,55750","0,56620","0,54610","6,18M","0,86%"
"10.07.2021","0,55750","0,56940","0,57960","0,54760","6,61M","-2,11%"
"09.07.2021","0,56950","0,54250","0,57330","0,53780","12,68M","0,07%"
"08.07.2021","0,56910","0,61180","0,61670","0,56060","15,28M","-7,24%"
"07.07.2021","0,61350","0,59190","0,64320","0,59190","16,89M","2,94%"
"06.07.2021","0,59600","0,56690","0,59950","0,56690","10,48M","5,17%"
"05.07.2021","0,56670","0,60600","0,60600","0,56580","8,83M","-6,27%"
"04.07.2021","0,60460","0,59570","0,61760","0,59290","7,74M","2,34%"
"03.07.2021","0,59080","0,58180","0,59480","0,57060","6,13M","1,63%"
"02.07.2021","0,58130","0,58140","0,58140","0,54990","5,09M","0,00%"
"01.07.2021","0,58130","0,61680","0,61680","0,56680","9,54M","-5,45%"
"30.06.2021","0,61480","0,58660","0,61480","0,57000","10,11M","5,29%"
"29.06.2021","0,58390","0,55750","0,60480","0,55750","11,96M","4,96%"
"28.06.2021","0,55630","0,54120","0,56270","0,53420","8,23M","2,83%"
"27.06.2021","0,54100","0,51110","0,54100","0,50840","7,65M","5,85%"
"26.06.2021","0,51110","0,51890","0,52580","0,49210","11,32M","-1,37%"
"25.06.2021","0,51820","0,57450","0,58230","0,51820","13,03M","-9,60%"
"24.06.2021","0,57320","0,55020","0,57700","0,53150","10,13M","4,18%"
"23.06.2021","0,55020","0,48320","0,56120","0,48320","15,20M","13,89%"
"22.06.2021","0,48310","0,50990","0,52180","0,44610","35,43M","-5,40%"
"21.06.2021","0,51070","0,60100","0,60100","0,51070","23,06M","-14,95%"
"20.06.2021","0,60050","0,59580","0,60550","0,56850","10,75M","0,65%"
"19.06.2021","0,59660","0,60990","0,62100","0,59350","5,02M","-1,96%"
"18.06.2021","0,60850","0,65740","0,65740","0,60070","13,05M","-7,49%"
"17.06.2021","0,65780","0,65650","0,68630","0,64600","8,07M","0,29%"
"16.06.2021","0,65590","0,68910","0,68910","0,65590","9,88M","-5,08%"
"15.06.2021","0,69100","0,67210","0,70890","0,67210","17,38M","2,93%"
"14.06.2021","0,67130","0,65000","0,67130","0,64190","12,79M","3,50%"
"13.06.2021","0,64860","0,61860","0,65720","0,60340","12,35M","5,17%"
"12.06.2021","0,61670","0,64660","0,64660","0,60370","14,75M","-4,52%"
"11.06.2021","0,64590","0,66440","0,69820","0,64470","17,36M","-2,77%"
"10.06.2021","0,66430","0,70020","0,70500","0,65890","9,89M","-5,56%"
"09.06.2021","0,70340","0,66900","0,70340","0,64170","12,77M","4,84%"
"08.06.2021","0,67090","0,69680","0,69680","0,62650","20,81M","-3,33%"
"07.06.2021","0,69400","0,76300","0,77940","0,69400","14,15M","-8,98%"
"06.06.2021","0,76250","0,74910","0,76410","0,74910","8,35M","1,59%"
"05.06.2021","0,75060","0,76310","0,80840","0,74510","15,37M","-1,21%"
"04.06.2021","0,75980","0,83070","0,83070","0,73480","17,11M","-8,33%"
"03.06.2021","0,82880","0,79610","0,84200","0,79610","12,89M","4,09%"
"02.06.2021","0,79620","0,74900","0,83410","0,74420","21,37M","6,54%"
"01.06.2021","0,74730","0,76530","0,76650","0,73710","12,23M","-2,63%"
"31.05.2021","0,76750","0,70340","0,76750","0,67450","13,65M","9,00%"
"30.05.2021","0,70410","0,68020","0,73030","0,65400","14,44M","3,48%"
"29.05.2021","0,68040","0,74600","0,77740","0,64990","19,19M","-9,04%"
"28.05.2021","0,74800","0,83950","0,83950","0,71540","25,89M","-11,03%"
"27.05.2021","0,84070","0,88830","0,89800","0,81190","31,31M","-5,16%"
"26.05.2021","0,88640","0,74040","0,88640","0,74040","25,28M","20,21%"
"25.05.2021","0,73740","0,72510","0,75020","0,68510","22,41M","1,70%"
"24.05.2021","0,72510","0,56300","0,73300","0,56300","36,70M","29,81%"
"23.05.2021","0,55860","0,67960","0,69330","0,48950","50,32M","-17,90%"
"22.05.2021","0,68040","0,75450","0,76300","0,66070","26,77M","-10,12%"
"21.05.2021","0,75700","0,87550","0,91920","0,71540","39,74M","-13,42%"
"20.05.2021","0,87430","0,75490","0,90490","0,72110","37,97M","17,51%"
"19.05.2021","0,74400","1,10650","1,10650","0,66260","60,33M","-32,85%"
"18.05.2021","1,10790","1,05980","1,13860","1,05700","15,62M","4,61%"
"17.05.2021","1,05910","1,14150","1,14150","1,02370","22,15M","-7,18%"
"16.05.2021","1,14100","1,13970","1,23310","1,08190","21,27M","0,52%"
"15.05.2021","1,13510","1,21950","1,21950","1,13510","16,87M","-6,96%"
"14.05.2021","1,22000","1,19080","1,24300","1,19080","16,86M","2,23%"
"13.05.2021","1,19340","1,16760","1,24250","1,13490","32,45M","3,77%"
"12.05.2021","1,15000","1,39860","1,40690","1,15000","24,65M","-17,50%"
"11.05.2021","1,39400","1,31060","1,39400","1,27140","25,32M","6,14%"
"10.05.2021","1,31340","1,41330","1,47090","1,29220","35,54M","-7,08%"
"09.05.2021","1,41350","1,42420","1,44240","1,35310","24,92M","-0,34%"
"08.05.2021","1,41830","1,40640","1,50190","1,40080","28,04M","0,87%"
"07.05.2021","1,40610","1,40760","1,52360","1,40610","58,69M","0,19%"
"06.05.2021","1,40350","1,36390","1,41770","1,35750","42,58M","3,02%"
"05.05.2021","1,36240","1,20500","1,36240","1,20500","34,37M","16,08%"
"04.05.2021","1,17370","1,29240","1,29240","1,15390","27,19M","-9,14%"
"03.05.2021","1,29180","1,25510","1,31790","1,25510","18,65M","2,86%"
"02.05.2021","1,25590","1,27260","1,28890","1,23560","15,32M","-1,13%"
"01.05.2021","1,27020","1,26340","1,27950","1,24520","20,67M","0,54%"
"30.04.2021","1,26340","1,18700","1,26710","1,18620","19,72M","6,39%"
"29.04.2021","1,18750","1,20310","1,22210","1,16660","16,94M","-1,10%"
"28.04.2021","1,20070","1,23330","1,27160","1,18000","20,65M","-2,43%"
"27.04.2021","1,23060","1,15450","1,24900","1,15450","19,54M","5,72%"
"26.04.2021","1,16400","1,02850","1,16400","1,02850","22,42M","13,64%"
"25.04.2021","1,02430","1,03550","1,08920","0,99050","14,10M","-0,88%"
"24.04.2021","1,03340","1,17340","1,17340","1,03340","19,97M","-11,82%"
"23.04.2021","1,17190","1,06530","1,17190","0,96570","58,83M","9,42%"
"22.04.2021","1,07100","1,20960","1,22900","1,07100","33,79M","-11,11%"
"21.04.2021","1,20490","1,26580","1,29430","1,20490","26,65M","-4,74%"
"20.04.2021","1,26490","1,31980","1,31980","1,22080","52,97M","-3,78%"
"19.04.2021","1,31460","1,35260","1,37430","1,20010","62,04M","-2,50%"
"18.04.2021","1,34830","1,47640","1,47640","1,13520","51,68M","-8,52%"
"17.04.2021","1,47390","1,52840","1,54160","1,47390","26,18M","-3,54%"
"16.04.2021","1,52800","1,53120","1,53260","1,44660","31,87M","0,57%"
"15.04.2021","1,51940","1,46930","1,55350","1,46280","26,85M","3,87%"
"14.04.2021","1,46280","1,50000","1,55330","1,41850","28,89M","-2,48%"
"13.04.2021","1,50000","1,42520","1,51190","1,40620","25,23M","5,86%"
"12.04.2021","1,41690","1,44440","1,46310","1,40240","18,81M","-1,39%"
"11.04.2021","1,43690","1,47020","1,53210","1,43690","35,58M","-1,86%"
"10.04.2021","1,46420","1,54750","1,56290","1,41870","58,82M","-4,91%"
"09.04.2021","1,53980","1,29440","1,59980","1,26810","119,04M","19,28%"
"08.04.2021","1,29090","1,18490","1,29090","1,18490","24,68M","8,83%"
"07.04.2021","1,18620","1,33070","1,34560","1,17690","50,49M","-10,61%"
"06.04.2021","1,32700","1,29630","1,32700","1,20780","47,91M","3,90%"
"05.04.2021","1,27720","1,17830","1,27720","1,14880","34,10M","8,69%"
"04.04.2021","1,17510","1,11200","1,17510","1,11200","17,59M","5,38%"
"03.04.2021","1,11510","1,19970","1,24340","1,11510","30,10M","-6,97%"
"02.04.2021","1,19860","1,15720","1,22050","1,14080","40,76M","3,90%"
"01.04.2021","1,15360","1,14670","1,16230","1,13910","23,74M","1,11%"
"31.03.2021","1,14090","1,16990","1,17870","1,09440","22,14M","-2,44%"
"30.03.2021","1,16940","1,13830","1,19400","1,13830","33,39M","2,62%"
"29.03.2021","1,13950","1,12260","1,13950","1,08960","25,40M","1,67%"
"28.03.2021","1,12080","1,08960","1,13310","1,07540","35,79M","3,62%"
"27.03.2021","1,08160","1,07420","1,08160","1,02660","23,42M","0,70%"
"26.03.2021","1,07410","0,99140","1,07550","0,99140","32,80M","10,33%"
"25.03.2021","0,97350","0,98630","1,00820","0,95800","25,62M","-1,78%"
"24.03.2021","0,99110","1,05090","1,10350","0,98490","34,15M","-5,78%"
"23.03.2021","1,05190","1,08820","1,10660","1,03960","29,53M","-3,10%"
"22.03.2021","1,08550","1,13660","1,18570","1,08550","60,78M","-3,46%"
"21.03.2021","1,12440","1,08940","1,12440","1,08700","28,01M","3,93%"
"20.03.2021","1,08190","1,18420","1,22140","1,08190","35,96M","-8,64%"
"19.03.2021","1,18420","1,20240","1,21700","1,17730","54,07M","-1,55%"
"18.03.2021","1,20290","1,24190","1,34270","1,20030","132,32M","-2,46%"
"17.03.2021","1,23330","1,03500","1,27500","0,95820","369,89M","19,87%"
"16.03.2021","1,02890","0,76410","1,03650","0,74640","215,07M","35,38%"
"15.03.2021","0,76000","0,77150","0,79150","0,74030","27,77M","-0,85%"
"14.03.2021","0,76650","0,81490","0,84490","0,76650","26,70M","-5,89%"
"13.03.2021","0,81450","0,75600","0,81470","0,72680","36,85M","7,81%"
"12.03.2021","0,75550","0,80530","0,80530","0,74840","33,58M","-5,75%"
"11.03.2021","0,80160","0,82240","0,83590","0,78830","49,13M","-2,14%"
"10.03.2021","0,81910","0,76970","0,84960","0,70610","110,20M","9,67%"
"09.03.2021","0,74690","0,74370","0,74690","0,70740","32,73M","0,67%"
"08.03.2021","0,74190","0,69700","0,74190","0,67030","35,22M","6,72%"
"07.03.2021","0,69520","0,66720","0,71700","0,66390","33,20M","4,62%"
"06.03.2021","0,66450","0,68290","0,68290","0,65210","24,91M","-2,11%"
"05.03.2021","0,67880","0,69150","0,69150","0,64150","53,51M","-1,82%"
"04.03.2021","0,69140","0,75800","0,78150","0,68720","88,05M","-9,46%"
"03.03.2021","0,76360","0,60260","0,79100","0,60260","187,16M","26,76%"
"02.03.2021","0,60240","0,58610","0,61580","0,56820","51,26M","2,94%"
"01.03.2021","0,58520","0,52860","0,59000","0,52860","49,92M","11,19%"
"28.02.2021","0,52630","0,51500","0,52630","0,46770","44,73M","2,31%"
"27.02.2021","0,51440","0,52570","0,55450","0,51440","63,13M","-2,17%"
"26.02.2021","0,52580","0,48080","0,54500","0,44260","100,61M","9,27%"
"25.02.2021","0,48120","0,51330","0,52750","0,48120","38,56M","-6,33%"
"24.02.2021","0,51370","0,47690","0,54460","0,47690","69,57M","7,81%"
"23.02.2021","0,47650","0,54200","0,54200","0,42620","94,71M","-11,46%"
"22.02.2021","0,53820","0,61920","0,61920","0,51820","69,86M","-11,20%"
"21.02.2021","0,60610","0,57860","0,60610","0,57130","36,10M","4,75%"
"20.02.2021","0,57860","0,61440","0,61790","0,57860","50,19M","-5,64%"
"19.02.2021","0,61320","0,63870","0,63870","0,60040","37,37M","-3,11%"
"18.02.2021","0,63290","0,57480","0,63620","0,57480","43,70M","10,28%"
"17.02.2021","0,57390","0,55620","0,58630","0,53100","39,35M","3,24%"
"16.02.2021","0,55590","0,53910","0,58120","0,52950","43,16M","3,27%"
"15.02.2021","0,53830","0,56480","0,59140","0,46920","62,12M","-3,58%"
"14.02.2021","0,55830","0,61900","0,61960","0,54910","39,78M","-9,51%"
"13.02.2021","0,61700","0,63170","0,67020","0,59920","60,57M","-1,61%"
"12.02.2021","0,62710","0,59230","0,68360","0,56570","128,83M","5,82%"
"11.02.2021","0,59260","0,44330","0,62000","0,43710","167,35M","33,26%"
"10.02.2021","0,44470","0,43540","0,45490","0,41350","54,26M","2,54%"
"09.02.2021","0,43370","0,41860","0,43990","0,40460","48,29M","3,76%"
"08.02.2021","0,41800","0,40720","0,42160","0,39570","60,43M","2,75%"
"07.02.2021","0,40680","0,35330","0,40680","0,35330","111,69M","15,34%"
"06.02.2021","0,35270","0,37170","0,37170","0,34330","37,46M","-5,14%"
"05.02.2021","0,37180","0,31420","0,37180","0,31420","73,27M","18,94%"
"04.02.2021","0,31260","0,32300","0,32300","0,30710","38,09M","-2,92%"
"03.02.2021","0,32200","0,31650","0,32420","0,31650","38,99M","1,55%"
"02.02.2021","0,31710","0,31750","0,31750","0,31150","28,61M","-0,03%"
"01.02.2021","0,31720","0,30250","0,31720","0,29550","32,55M","4,76%"
"31.01.2021","0,30280","0,31640","0,32240","0,29870","27,90M","-4,15%"
"30.01.2021","0,31590","0,30870","0,31710","0,29750","29,58M","2,23%"
"29.01.2021","0,30900","0,30580","0,31210","0,29210","50,41M","1,11%"
"28.01.2021","0,30560","0,30210","0,31550","0,30210","46,60M","0,92%"
"27.01.2021","0,30280","0,29940","0,30560","0,28210","42,90M","1,17%"
"26.01.2021","0,29930","0,30810","0,30810","0,28490","44,86M","-0,70%"
"25.01.2021","0,30140","0,31840","0,32700","0,29960","51,62M","-5,34%"
"24.01.2021","0,31840","0,32910","0,32910","0,31240","49,45M","-3,40%"
"23.01.2021","0,32960","0,31420","0,35240","0,31420","128,23M","4,77%"
"22.01.2021","0,31460","0,24340","0,33300","0,23480","209,56M","29,04%"
"21.01.2021","0,24380","0,27890","0,27890","0,24380","37,74M","-12,49%"
"20.01.2021","0,27860","0,26870","0,28300","0,25950","37,23M","3,80%"
"19.01.2021","0,26840","0,28290","0,28710","0,26840","34,96M","-5,06%"
"18.01.2021","0,28270","0,27470","0,29000","0,27470","48,88M","3,33%"
"17.01.2021","0,27360","0,26630","0,27570","0,25130","38,21M","2,66%"
"16.01.2021","0,26650","0,25880","0,27790","0,25880","92,92M","7,76%"
"15.01.2021","0,24730","0,24710","0,25390","0,24050","36,83M","0,28%"
"14.01.2021","0,24660","0,25530","0,25530","0,24270","25,93M","-1,20%"
"13.01.2021","0,24960","0,23170","0,24960","0,22890","23,25M","7,91%"
"12.01.2021","0,23130","0,22960","0,24430","0,22560","32,82M","0,35%"
"11.01.2021","0,23050","0,25750","0,25750","0,20500","61,57M","-10,38%"
"10.01.2021","0,25720","0,27590","0,29440","0,24340","62,15M","-6,30%"
"09.01.2021","0,27450","0,25180","0,28310","0,24650","58,10M","9,32%"
"08.01.2021","0,25110","0,25720","0,26640","0,24130","48,32M","-2,07%"
"07.01.2021","0,25640","0,25170","0,27140","0,25170","76,28M","2,52%"
"06.01.2021","0,25010","0,23190","0,25030","0,23010","55,77M","8,17%"
"05.01.2021","0,23120","0,21840","0,23120","0,21730","41,78M","5,91%"
"04.01.2021","0,21830","0,21810","0,23100","0,21070","48,01M","0,55%"
"03.01.2021","0,21710","0,20370","0,21710","0,20090","35,17M","6,47%"
"02.01.2021","0,20390","0,20430","0,20820","0,20290","24,34M","-0,15%"
"01.01.2021","0,20420","0,19930","0,20950","0,19900","17,49M","2,30%"
"31.12.2020","0,19960","0,20150","0,20150","0,19670","16,99M","-0,84%"
"30.12.2020","0,20130","0,20640","0,20640","0,20050","13,63M","-2,42%"
"29.12.2020","0,20630","0,21090","0,21090","0,20310","25,19M","-2,09%"
"28.12.2020","0,21070","0,20990","0,21790","0,20820","22,51M","0,96%"
"27.12.2020","0,20870","0,21380","0,21750","0,20870","25,65M","-2,39%"
"26.12.2020","0,21380","0,21390","0,21390","0,20650","22,10M","-0,09%"
"25.12.2020","0,21400","0,21800","0,22100","0,21350","22,73M","-1,79%"
"24.12.2020","0,21790","0,19290","0,21820","0,19040","36,26M","12,73%"
"23.12.2020","0,19330","0,21820","0,22000","0,19330","29,46M","-11,45%"
"22.12.2020","0,21830","0,22340","0,22560","0,21390","23,94M","-2,46%"
"21.12.2020","0,22380","0,23210","0,23850","0,21960","19,90M","-3,62%"
"20.12.2020","0,23220","0,24450","0,24450","0,23210","26,32M","-5,03%"
"19.12.2020","0,24450","0,24980","0,25810","0,24450","29,90M","-2,08%"
"18.12.2020","0,24970","0,22680","0,25540","0,22680","60,29M","10,19%"
"17.12.2020","0,22660","0,23300","0,23720","0,22640","24,13M","-2,75%"
"16.12.2020","0,23300","0,21830","0,23300","0,21830","27,36M","6,83%"
"15.12.2020","0,21810","0,21830","0,21940","0,21390","10,76M","0,00%"
"14.12.2020","0,21810","0,21330","0,21910","0,21110","9,41M","2,35%"
"13.12.2020","0,21310","0,21100","0,21660","0,20910","11,93M","1,00%"
"12.12.2020","0,21100","0,20250","0,21220","0,20250","17,83M","3,94%"
"11.12.2020","0,20300","0,20860","0,20860","0,20300","14,84M","-2,64%"
"10.12.2020","0,20850","0,22010","0,22010","0,20850","12,43M","-5,10%"
"09.12.2020","0,21970","0,21980","0,22060","0,21390","23,24M","-0,18%"
"08.12.2020","0,22010","0,23570","0,23820","0,22010","17,83M","-6,62%"
"07.12.2020","0,23570","0,23710","0,23760","0,23370","10,17M","-0,67%"
"06.12.2020","0,23730","0,23600","0,23730","0,22920","10,94M","0,64%"
"05.12.2020","0,23580","0,22810","0,23580","0,22810","8,13M","3,19%"
"04.12.2020","0,22850","0,24290","0,24680","0,22850","24,80M","-5,97%"
"03.12.2020","0,24300","0,24190","0,24600","0,24120","15,10M","0,29%"
"02.12.2020","0,24230","0,23490","0,24230","0,23390","15,75M","3,15%"
"01.12.2020","0,23490","0,24390","0,25650","0,23490","35,21M","-3,61%"
"30.11.2020","0,24370","0,23640","0,24370","0,23350","21,15M","3,31%"
"29.11.2020","0,23590","0,22950","0,23590","0,22610","13,02M","2,79%"
"28.11.2020","0,22950","0,22530","0,23250","0,21930","18,63M","2,00%"
"27.11.2020","0,22500","0,22480","0,22950","0,21790","21,97M","0,18%"
"26.11.2020","0,22460","0,25550","0,25850","0,21410","67,41M","-12,50%"
"25.11.2020","0,25670","0,26130","0,27840","0,25580","51,29M","-1,72%"
"24.11.2020","0,26120","0,25500","0,26700","0,24590","61,24M","2,43%"
"23.11.2020","0,25500","0,22060","0,25830","0,21920","63,46M","15,80%"
"22.11.2020","0,22020","0,23370","0,23370","0,21430","35,27M","-5,90%"
"21.11.2020","0,23400","0,20220","0,23400","0,20220","47,82M","15,56%"
"20.11.2020","0,20250","0,19670","0,20250","0,19620","24,41M","3,11%"
"19.11.2020","0,19640","0,20070","0,20250","0,19540","19,99M","-1,80%"
"18.11.2020","0,20000","0,20490","0,20570","0,19420","20,86M","-2,44%"
"17.11.2020","0,20500","0,19760","0,20640","0,19760","21,19M","3,74%"
"16.11.2020","0,19760","0,19330","0,19850","0,19330","12,30M","2,07%"
"15.11.2020","0,19360","0,19660","0,20100","0,18940","14,75M","-1,53%"
"14.11.2020","0,19660","0,20260","0,20340","0,19490","12,01M","-2,96%"
"13.11.2020","0,20260","0,19550","0,20260","0,19490","9,35M","3,47%"
"12.11.2020","0,19580","0,19960","0,20560","0,19540","10,46M","-1,81%"
"11.11.2020","0,19940","0,20130","0,20560","0,19940","10,88M","-1,14%"
"10.11.2020","0,20170","0,19420","0,20300","0,19340","17,33M","4,02%"
"09.11.2020","0,19390","0,19830","0,19830","0,19140","13,85M","-2,27%"
"08.11.2020","0,19840","0,19240","0,19990","0,19170","14,26M","3,12%"
"07.11.2020","0,19240","0,20450","0,20810","0,18930","28,47M","-5,82%"
"06.11.2020","0,20430","0,19110","0,20430","0,19110","22,65M","7,02%"
"05.11.2020","0,19090","0,18530","0,19120","0,18190","11,62M","3,02%"
"04.11.2020","0,18530","0,18080","0,18530","0,17670","8,43M","2,55%"
"03.11.2020","0,18070","0,18350","0,18450","0,17860","9,57M","-1,47%"
"02.11.2020","0,18340","0,19070","0,19070","0,18340","7,54M","-3,83%"
"01.11.2020","0,19070","0,18470","0,19070","0,18470","5,33M","2,91%"
"31.10.2020","0,18530","0,18700","0,18920","0,18530","7,28M","-0,91%"
"30.10.2020","0,18700","0,18940","0,18940","0,18090","16,61M","-1,16%"
"29.10.2020","0,18920","0,19510","0,19810","0,18920","13,87M","-3,12%"
"28.10.2020","0,19530","0,21360","0,21360","0,19530","22,53M","-8,52%"
"27.10.2020","0,21350","0,21310","0,21520","0,21150","11,19M","0,05%"
"26.10.2020","0,21340","0,21490","0,22060","0,21090","10,66M","-0,74%"
"25.10.2020","0,21500","0,21880","0,21880","0,21500","6,26M","-1,83%"
"24.10.2020","0,21900","0,22180","0,22180","0,21900","5,48M","-1,17%"
"23.10.2020","0,22160","0,22310","0,22390","0,21770","8,30M","-0,81%"
"22.10.2020","0,22340","0,21520","0,22670","0,21520","14,18M","3,81%"
"21.10.2020","0,21520","0,20830","0,21850","0,20830","10,77M","3,31%"
"20.10.2020","0,20830","0,21420","0,21420","0,20250","12,64M","-2,71%"
"19.10.2020","0,21410","0,21420","0,21490","0,21070","6,49M","0,05%"
"18.10.2020","0,21400","0,21450","0,21700","0,21380","4,30M","-0,23%"
"17.10.2020","0,21450","0,20710","0,21530","0,20710","8,59M","3,67%"
"16.10.2020","0,20690","0,21330","0,21360","0,20690","7,32M","-2,95%"
"15.10.2020","0,21320","0,21480","0,21480","0,21090","5,88M","-0,70%"
"14.10.2020","0,21470","0,21730","0,21780","0,21180","5,98M","-1,11%"
"13.10.2020","0,21710","0,22040","0,22150","0,21550","7,80M","-1,45%"
"12.10.2020","0,22030","0,22160","0,22420","0,21440","13,44M","-0,68%"
"11.10.2020","0,22180","0,21990","0,22230","0,21710","11,07M","0,82%"
"10.10.2020","0,22000","0,22200","0,22700","0,22000","9,03M","-0,95%"
"09.10.2020","0,22210","0,21740","0,22290","0,21700","8,20M","1,97%"
"08.10.2020","0,21780","0,21470","0,21780","0,21000","7,66M","1,44%"
"07.10.2020","0,21470","0,21070","0,21470","0,20950","6,97M","1,90%"
"06.10.2020","0,21070","0,22180","0,22180","0,20940","9,48M","-4,88%"
"05.10.2020","0,22150","0,22350","0,22500","0,21750","6,71M","-0,89%"
"04.10.2020","0,22350","0,22020","0,22350","0,21800","4,56M","1,50%"
"03.10.2020","0,22020","0,22390","0,22420","0,22020","4,39M","-1,65%"
"02.10.2020","0,22390","0,22890","0,22970","0,21810","12,56M","-2,78%"
"01.10.2020","0,23030","0,23950","0,24560","0,22870","12,17M","-3,80%"
"30.09.2020","0,23940","0,23730","0,24160","0,23580","11,16M","0,76%"
"29.09.2020","0,23760","0,23360","0,23760","0,23150","10,05M","1,45%"
"28.09.2020","0,23420","0,22940","0,24080","0,22940","12,49M","2,09%"
"27.09.2020","0,22940","0,23260","0,23520","0,22490","6,17M","-1,46%"
"26.09.2020","0,23280","0,23230","0,23520","0,23040","6,55M","0,26%"
"25.09.2020","0,23220","0,22570","0,23360","0,21980","10,69M","2,79%"
"24.09.2020","0,22590","0,21310","0,22610","0,21310","11,70M","6,36%"
"23.09.2020","0,21240","0,22840","0,23010","0,21130","14,40M","-7,13%"
"22.09.2020","0,22870","0,21350","0,22870","0,21350","12,07M","7,32%"
"21.09.2020","0,21310","0,23740","0,24030","0,21200","23,62M","-10,31%"
"20.09.2020","0,23760","0,24260","0,24260","0,23140","11,81M","-2,06%"
"19.09.2020","0,24260","0,24330","0,24590","0,24170","8,15M","-0,37%"
"18.09.2020","0,24350","0,24960","0,25300","0,24110","14,01M","-2,48%"
"17.09.2020","0,24970","0,25120","0,25350","0,24800","12,52M","-0,44%"
"16.09.2020","0,25080","0,24650","0,25490","0,23980","10,48M","1,87%"
"15.09.2020","0,24620","0,25670","0,25680","0,24460","8,15M","-3,98%"
"14.09.2020","0,25640","0,25820","0,26290","0,25230","9,27M","-0,58%"
"13.09.2020","0,25790","0,27420","0,27420","0,25180","13,17M","-5,84%"
"12.09.2020","0,27390","0,26410","0,27620","0,26200","12,71M","3,79%"
"11.09.2020","0,26390","0,26590","0,26640","0,25730","9,13M","-0,75%"
"10.09.2020","0,26590","0,25690","0,26710","0,25690","14,49M","3,58%"
"09.09.2020","0,25670","0,25100","0,26140","0,24170","14,72M","2,31%"
"08.09.2020","0,25090","0,25340","0,25910","0,25020","14,19M","-0,75%"
"07.09.2020","0,25280","0,25860","0,25860","0,23800","16,35M","-2,02%"
"06.09.2020","0,25800","0,23770","0,25800","0,23550","18,82M","8,86%"
"05.09.2020","0,23700","0,26440","0,26600","0,23400","26,82M","-10,43%"
"04.09.2020","0,26460","0,25280","0,27010","0,25280","36,96M","4,83%"
"03.09.2020","0,25240","0,31680","0,31700","0,25240","37,99M","-20,25%"
"02.09.2020","0,31650","0,33490","0,33490","0,30950","26,09M","-5,58%"
"01.09.2020","0,33520","0,34840","0,34950","0,33400","25,89M","-3,62%"
"31.08.2020","0,34780","0,34620","0,35490","0,34480","18,14M","0,40%"
"30.08.2020","0,34640","0,35170","0,36030","0,34640","20,70M","-1,48%"
"29.08.2020","0,35160","0,34930","0,36480","0,34930","30,82M","0,34%"
"28.08.2020","0,35040","0,32710","0,35040","0,32600","28,10M","7,39%"
"27.08.2020","0,32630","0,35150","0,35210","0,32610","40,64M","-6,90%"
"26.08.2020","0,35050","0,34540","0,36340","0,34380","44,29M","1,59%"
"25.08.2020","0,34500","0,39650","0,39650","0,34280","59,67M","-12,99%"
"24.08.2020","0,39650","0,40250","0,43200","0,39170","53,49M","-1,49%"
"23.08.2020","0,40250","0,39910","0,41320","0,37160","58,51M","1,11%"
"22.08.2020","0,39810","0,37700","0,40320","0,35500","70,69M","5,62%"
"21.08.2020","0,37690","0,36110","0,44000","0,36110","209,10M","4,43%"
"20.08.2020","0,36090","0,31830","0,36710","0,31830","77,68M","13,60%"
"19.08.2020","0,31770","0,34870","0,34870","0,31320","73,13M","-9,15%"
"18.08.2020","0,34970","0,31630","0,35910","0,31630","117,31M","10,56%"
"17.08.2020","0,31630","0,32440","0,33170","0,30810","70,99M","-2,47%"
"16.08.2020","0,32430","0,27390","0,32480","0,27390","68,82M","18,31%"
"15.08.2020","0,27410","0,27890","0,27930","0,27350","19,61M","-1,65%"
"14.08.2020","0,27870","0,26910","0,27870","0,26550","18,42M","3,72%"
"13.08.2020","0,26870","0,27120","0,27120","0,26040","15,07M","-0,92%"
"12.08.2020","0,27120","0,26140","0,27140","0,25740","16,37M","3,71%"
"11.08.2020","0,26150","0,28670","0,28670","0,25830","27,07M","-8,76%"
"10.08.2020","0,28660","0,26710","0,28750","0,26450","32,73M","7,38%"
"09.08.2020","0,26690","0,26150","0,27080","0,26150","17,30M","2,22%"
"08.08.2020","0,26110","0,25320","0,26110","0,25320","8,64M","3,20%"
"07.08.2020","0,25300","0,25880","0,26150","0,25140","16,71M","-2,24%"
"06.08.2020","0,25880","0,25740","0,25880","0,25650","13,33M","0,47%"
"05.08.2020","0,25760","0,26220","0,26220","0,25730","16,61M","-1,68%"
"04.08.2020","0,26200","0,25080","0,26200","0,25080","12,08M","4,47%"
"03.08.2020","0,25080","0,24280","0,25500","0,24280","13,05M","3,25%"
"02.08.2020","0,24290","0,25920","0,26250","0,24290","27,84M","-6,07%"
"01.08.2020","0,25860","0,25280","0,25870","0,25080","14,89M","2,17%"
"31.07.2020","0,25310","0,24750","0,25310","0,24710","8,80M","2,43%"
"30.07.2020","0,24710","0,24720","0,25070","0,24710","12,94M","-0,12%"
"29.07.2020","0,24740","0,25130","0,25480","0,24740","13,02M","-1,51%"
"28.07.2020","0,25120","0,24860","0,25310","0,24710","24,40M","1,21%"
"27.07.2020","0,24820","0,25430","0,25430","0,23650","45,27M","-2,36%"
"26.07.2020","0,25420","0,26380","0,26510","0,25400","21,35M","-3,60%"
"25.07.2020","0,26370","0,25770","0,26370","0,25770","19,48M","2,33%"
"24.07.2020","0,25770","0,26460","0,26460","0,25770","16,64M","-2,57%"
"23.07.2020","0,26450","0,26260","0,26850","0,26080","11,06M","0,92%"
"22.07.2020","0,26210","0,26060","0,26440","0,25730","10,79M","0,54%"
"21.07.2020","0,26070","0,25830","0,26490","0,25640","17,51M","0,85%"
"20.07.2020","0,25850","0,27460","0,27460","0,25850","17,11M","-5,76%"
"19.07.2020","0,27430","0,26970","0,27680","0,26970","21,27M","1,78%"
"18.07.2020","0,26950","0,26560","0,27060","0,26110","13,16M","1,54%"
"17.07.2020","0,26540","0,26080","0,27510","0,26080","34,27M","2,00%"
"16.07.2020","0,26020","0,25970","0,26020","0,24450","43,22M","0,12%"
"15.07.2020","0,25990","0,26250","0,26420","0,25830","13,52M","-0,95%"
"14.07.2020","0,26240","0,26320","0,26450","0,25890","14,13M","-0,38%"
"13.07.2020","0,26340","0,26030","0,27570","0,25850","33,22M","1,31%"
"12.07.2020","0,26000","0,25820","0,26200","0,25480","8,65M","0,85%"
"11.07.2020","0,25780","0,25470","0,25910","0,25340","8,84M","1,30%"
"10.07.2020","0,25450","0,26200","0,26200","0,24640","13,66M","-2,60%"
"09.07.2020","0,26130","0,26420","0,27150","0,25610","25,94M","-1,02%"
"08.07.2020","0,26400","0,25500","0,26920","0,25340","23,55M","3,73%"
"07.07.2020","0,25450","0,26090","0,26220","0,25440","16,18M","-2,42%"
"06.07.2020","0,26080","0,24640","0,26080","0,24580","20,23M","5,50%"
"05.07.2020","0,24720","0,24960","0,25010","0,24270","16,25M","-1,08%"
"04.07.2020","0,24990","0,24190","0,25470","0,24100","17,12M","3,31%"
"03.07.2020","0,24190","0,24170","0,24820","0,24080","23,16M","-0,08%"
"02.07.2020","0,24210","0,25640","0,25980","0,24210","27,28M","-5,58%"
"01.07.2020","0,25640","0,25160","0,26330","0,25010","16,83M","2,07%"
"30.06.2020","0,25120","0,26220","0,26350","0,25030","13,67M","-4,01%"
"29.06.2020","0,26170","0,26360","0,26900","0,25380","25,84M","-0,98%"
"28.06.2020","0,26430","0,27060","0,27190","0,25750","45,74M","-2,44%"
"27.06.2020","0,27090","0,27200","0,29850","0,26660","81,48M","-0,37%"
"26.06.2020","0,27190","0,27050","0,27360","0,25620","18,88M","0,48%"
"25.06.2020","0,27060","0,24900","0,27060","0,24140","25,29M","8,81%"
"24.06.2020","0,24870","0,25820","0,26540","0,24270","21,73M","-3,68%"
"23.06.2020","0,25820","0,24480","0,26300","0,24250","25,27M","5,65%"
"22.06.2020","0,24440","0,24260","0,24980","0,24050","25,93M","0,87%"
"21.06.2020","0,24230","0,23100","0,25020","0,23010","29,55M","4,98%"
"20.06.2020","0,23080","0,21780","0,23330","0,21620","24,20M","6,02%"
"19.06.2020","0,21770","0,21800","0,22280","0,21410","7,11M","-0,32%"
"18.06.2020","0,21840","0,22370","0,22450","0,21500","6,89M","-2,37%"
"17.06.2020","0,22370","0,22510","0,22710","0,21710","9,09M","-0,58%"
"16.06.2020","0,22500","0,22200","0,22830","0,22010","6,01M","1,17%"
"15.06.2020","0,22240","0,22340","0,22550","0,20700","18,26M","-0,63%"
"14.06.2020","0,22380","0,23240","0,23870","0,22330","12,06M","-3,74%"
"13.06.2020","0,23250","0,22950","0,23400","0,22390","7,82M","1,31%"
"12.06.2020","0,22950","0,22170","0,23520","0,21000","17,85M","3,19%"
"11.06.2020","0,22240","0,25050","0,25500","0,22030","22,57M","-11,15%"
"10.06.2020","0,25030","0,25110","0,25240","0,24530","17,23M","-0,36%"
"09.06.2020","0,25120","0,25770","0,25930","0,24870","24,11M","-2,33%"
"08.06.2020","0,25720","0,23480","0,25780","0,23270","29,39M","9,63%"
"07.06.2020","0,23460","0,23710","0,24000","0,22680","10,53M","-0,93%"
"06.06.2020","0,23680","0,24390","0,24520","0,23510","11,84M","-3,15%"
"05.06.2020","0,24450","0,24160","0,24750","0,23700","24,51M","1,16%"
"04.06.2020","0,24170","0,22440","0,24470","0,22220","31,08M","7,61%"
"03.06.2020","0,22460","0,21520","0,22480","0,21050","10,07M","4,32%"
"02.06.2020","0,21530","0,22480","0,23040","0,20670","18,57M","-3,71%"
"01.06.2020","0,22360","0,21030","0,22540","0,21010","13,73M","5,82%"
"31.05.2020","0,21130","0,22040","0,22990","0,20820","21,48M","-4,09%"
"30.05.2020","0,22030","0,20950","0,22130","0,20780","15,58M","5,31%"
"29.05.2020","0,20920","0,21290","0,21510","0,20790","11,93M","-1,55%"
"28.05.2020","0,21250","0,20740","0,21390","0,20460","15,33M","2,76%"
"27.05.2020","0,20680","0,20340","0,20770","0,20050","12,28M","1,62%"
"26.05.2020","0,20350","0,20510","0,20910","0,19990","16,22M","-0,68%"
"25.05.2020","0,20490","0,19260","0,20610","0,19210","14,73M","6,11%"
"24.05.2020","0,19310","0,20270","0,20800","0,19310","12,45M","-4,92%"
"23.05.2020","0,20310","0,20600","0,21100","0,20060","10,84M","-1,31%"
"22.05.2020","0,20580","0,19510","0,20890","0,19230","14,08M","5,32%"
"21.05.2020","0,19540","0,20400","0,20580","0,18890","17,94M","-4,12%"
"20.05.2020","0,20380","0,20670","0,21210","0,19940","16,05M","-1,40%"
"19.05.2020","0,20670","0,21020","0,21020","0,20330","12,57M","-1,48%"
"18.05.2020","0,20980","0,20500","0,21190","0,20470","14,64M","2,29%"
"17.05.2020","0,20510","0,20290","0,21600","0,20150","21,04M","0,84%"
"16.05.2020","0,20340","0,19900","0,20750","0,19680","13,87M","1,90%"
"15.05.2020","0,19960","0,20050","0,21320","0,19860","27,00M","-0,35%"
"14.05.2020","0,20030","0,20230","0,20800","0,19630","17,99M","-1,04%"
"13.05.2020","0,20240","0,20740","0,21140","0,19730","22,13M","-2,41%"
"12.05.2020","0,20740","0,18350","0,20750","0,18290","27,22M","12,35%"
"11.05.2020","0,18460","0,19540","0,20020","0,17880","35,03M","-5,91%"
"10.05.2020","0,19620","0,21720","0,21770","0,18140","70,06M","-9,88%"
"09.05.2020","0,21770","0,22810","0,25490","0,21540","86,77M","-4,39%"
"08.05.2020","0,22770","0,18500","0,23770","0,18480","82,15M","23,28%"
"07.05.2020","0,18470","0,17800","0,18510","0,17610","11,41M","3,65%"
"06.05.2020","0,17820","0,18590","0,18890","0,17820","9,74M","-4,14%"
"05.05.2020","0,18590","0,18650","0,19000","0,18160","6,77M","-0,32%"
"04.05.2020","0,18650","0,18480","0,18920","0,17450","9,33M","0,97%"
"03.05.2020","0,18470","0,19100","0,19360","0,18270","8,87M","-3,25%"
"02.05.2020","0,19090","0,18740","0,19240","0,18700","8,14M","1,76%"
"01.05.2020","0,18760","0,18320","0,19340","0,18300","8,64M","2,18%"
"30.04.2020","0,18360","0,19410","0,19920","0,17890","20,35M","-5,31%"
"29.04.2020","0,19390","0,18370","0,19700","0,18270","19,62M","5,55%"
"28.04.2020","0,18370","0,18130","0,18410","0,17540","8,92M","1,44%"
"27.04.2020","0,18110","0,18390","0,18550","0,17610","8,99M","-1,68%"
"26.04.2020","0,18420","0,18260","0,18870","0,18130","8,45M","0,88%"
"25.04.2020","0,18260","0,17720","0,18810","0,17380","16,19M","3,28%"
"24.04.2020","0,17680","0,16750","0,18160","0,16750","18,43M","5,62%"
"23.04.2020","0,16740","0,16550","0,17390","0,16160","14,00M","1,27%"
"22.04.2020","0,16530","0,15820","0,16680","0,15790","6,45M","4,69%"
"21.04.2020","0,15790","0,15590","0,16000","0,15500","6,82M","0,96%"
"20.04.2020","0,15640","0,16450","0,16970","0,15620","12,38M","-5,04%"
"19.04.2020","0,16470","0,17130","0,17150","0,16430","7,95M","-3,85%"
"18.04.2020","0,17130","0,16510","0,17390","0,16510","9,34M","3,82%"
"17.04.2020","0,16500","0,16580","0,16820","0,16400","7,45M","-0,18%"
"16.04.2020","0,16530","0,15400","0,16840","0,15090","18,38M","6,51%"
"15.04.2020","0,15520","0,16540","0,16810","0,15480","13,52M","-6,11%"
"14.04.2020","0,16530","0,15820","0,17050","0,15730","15,48M","4,49%"
"13.04.2020","0,15820","0,15910","0,16060","0,15180","12,97M","-1,00%"
"12.04.2020","0,15980","0,16120","0,16780","0,15730","11,32M","-1,05%"
"11.04.2020","0,16150","0,16260","0,16660","0,15570","10,81M","-0,37%"
"10.04.2020","0,16210","0,17180","0,17740","0,15350","21,58M","-5,76%"
"09.04.2020","0,17200","0,16620","0,18060","0,16230","37,41M","3,49%"
"08.04.2020","0,16620","0,16090","0,17040","0,15980","14,57M","3,29%"
"07.04.2020","0,16090","0,16140","0,17170","0,15610","17,06M","-0,49%"
"06.04.2020","0,16170","0,14620","0,16190","0,14610","17,88M","10,75%"
"05.04.2020","0,14600","0,14700","0,14860","0,14450","4,98M","-0,34%"
"04.04.2020","0,14650","0,14460","0,14890","0,14300","5,33M","1,38%"
"03.04.2020","0,14450","0,14370","0,15010","0,14170","7,89M","0,49%"
"02.04.2020","0,14380","0,14390","0,15100","0,14130","11,75M","0,84%"
"01.04.2020","0,14260","0,14150","0,14380","0,13530","5,69M","0,78%"
"31.03.2020","0,14150","0,13930","0,14390","0,13760","5,10M","1,51%"
"30.03.2020","0,13940","0,13040","0,14670","0,12970","8,70M","6,98%"
"29.03.2020","0,13030","0,13890","0,13920","0,12980","4,38M","-6,19%"
"28.03.2020","0,13890","0,13850","0,13970","0,13310","8,10M","-0,50%"
"27.03.2020","0,13960","0,15190","0,15370","0,13920","10,76M","-8,10%"
"26.03.2020","0,15190","0,14840","0,15390","0,14630","13,27M","2,36%"
"25.03.2020","0,14840","0,15330","0,16560","0,14560","28,89M","-3,32%"
"24.03.2020","0,15350","0,13530","0,15970","0,13180","36,66M","13,96%"
"23.03.2020","0,13470","0,12370","0,13480","0,12070","7,98M","8,80%"
"22.03.2020","0,12380","0,13660","0,13860","0,12310","6,12M","-9,04%"
"21.03.2020","0,13610","0,13470","0,14120","0,12680","8,23M","1,11%"
"20.03.2020","0,13460","0,13640","0,15630","0,12200","18,77M","-1,39%"
"19.03.2020","0,13650","0,11990","0,14290","0,11930","20,02M","13,94%"
"18.03.2020","0,11980","0,11760","0,12000","0,11200","13,32M","1,78%"
"17.03.2020","0,11770","0,11200","0,12310","0,11070","11,41M","5,28%"
"16.03.2020","0,11180","0,12370","0,12370","0,09890","17,14M","-9,40%"
"15.03.2020","0,12340","0,12380","0,13340","0,11880","10,08M","0,08%"
"14.03.2020","0,12330","0,13280","0,13500","0,12040","11,58M","-6,87%"
"13.03.2020","0,13240","0,11120","0,14510","0,08110","34,91M","17,79%"
"12.03.2020","0,11240","0,20000","0,20110","0,10440","36,34M","-43,72%"
"11.03.2020","0,19970","0,20350","0,21420","0,18300","20,53M","-1,72%"
"10.03.2020","0,20320","0,19570","0,21010","0,19250","14,54M","3,94%"
"09.03.2020","0,19550","0,19240","0,20220","0,17950","16,72M","1,82%"
"08.03.2020","0,19200","0,22720","0,22720","0,19200","13,67M","-15,57%"
"07.03.2020","0,22740","0,24250","0,24260","0,22420","6,80M","-6,19%"
"06.03.2020","0,24240","0,23400","0,24770","0,22590","14,10M","3,46%"
"05.03.2020","0,23430","0,23200","0,24460","0,23200","12,83M","1,12%"
"04.03.2020","0,23170","0,22380","0,23370","0,22240","9,69M","3,58%"
"03.03.2020","0,22370","0,22800","0,22990","0,21970","8,12M","-1,76%"
"02.03.2020","0,22770","0,20870","0,23020","0,20790","10,55M","8,84%"
"01.03.2020","0,20920","0,21080","0,21830","0,20410","7,49M","-0,76%"
"29.02.2020","0,21080","0,21530","0,22200","0,21080","4,62M","-2,09%"
"28.02.2020","0,21530","0,22100","0,22660","0,20650","12,88M","-2,54%"
"27.02.2020","0,22090","0,21860","0,23140","0,20750","14,36M","1,01%"
"26.02.2020","0,21870","0,23370","0,23900","0,20270","27,79M","-6,58%"
"25.02.2020","0,23410","0,25700","0,25740","0,23150","14,71M","-8,98%"
"24.02.2020","0,25720","0,27630","0,27760","0,24970","12,60M","-6,91%"
"23.02.2020","0,27630","0,27200","0,28350","0,26940","11,67M","1,73%"
"22.02.2020","0,27160","0,26630","0,27490","0,26440","9,23M","2,37%"
"21.02.2020","0,26530","0,25640","0,27130","0,25270","10,45M","3,47%"
"20.02.2020","0,25640","0,25760","0,26100","0,24590","11,03M","-0,81%"
"19.02.2020","0,25850","0,28190","0,28430","0,24660","12,67M","-8,30%"
"18.02.2020","0,28190","0,26690","0,28990","0,26090","16,43M","5,82%"
"17.02.2020","0,26640","0,26200","0,26820","0,23980","15,98M","0,95%"
"16.02.2020","0,26390","0,27930","0,28990","0,23550","19,17M","-5,31%"
"15.02.2020","0,27870","0,31100","0,32130","0,27140","19,00M","-10,44%"
"14.02.2020","0,31120","0,29390","0,31590","0,29330","12,54M","5,35%"
"13.02.2020","0,29540","0,30270","0,31600","0,28120","20,27M","-2,44%"
"12.02.2020","0,30280","0,29280","0,32160","0,28770","21,94M","3,66%"
"11.02.2020","0,29210","0,26430","0,29880","0,25940","28,84M","10,35%"
"10.02.2020","0,26470","0,27250","0,27420","0,25260","12,81M","-3,08%"
"09.02.2020","0,27310","0,25590","0,27590","0,25330","14,05M","6,72%"
"08.02.2020","0,25590","0,26360","0,26440","0,24770","7,52M","-2,92%"
"07.02.2020","0,26360","0,26520","0,27150","0,25910","10,44M","-0,45%"
"06.02.2020","0,26480","0,25150","0,27090","0,24870","15,53M","5,29%"
"05.02.2020","0,25150","0,24300","0,25330","0,23800","14,92M","3,33%"
"04.02.2020","0,24340","0,23510","0,25100","0,23070","25,40M","3,49%"
"03.02.2020","0,23520","0,22400","0,23770","0,22230","13,14M","5,14%"
"02.02.2020","0,22370","0,22440","0,23000","0,21950","12,60M","-0,18%"
"01.02.2020","0,22410","0,21950","0,22580","0,21920","6,09M","2,10%"
"31.01.2020","0,21950","0,22330","0,22590","0,21160","7,44M","-1,83%"
"30.01.2020","0,22360","0,21750","0,22510","0,21440","8,19M","2,47%"
"29.01.2020","0,21820","0,22190","0,22590","0,21690","8,43M","-1,71%"
"28.01.2020","0,22200","0,22600","0,23100","0,21580","10,22M","-1,73%"
"27.01.2020","0,22590","0,21170","0,22870","0,21070","8,93M","6,71%"
"26.01.2020","0,21170","0,20390","0,21280","0,20150","3,38M","3,83%"
"25.01.2020","0,20390","0,20770","0,20770","0,19960","2,29M","-1,83%"
"24.01.2020","0,20770","0,20760","0,20960","0,19860","3,48M","0,10%"
"23.01.2020","0,20750","0,21860","0,21860","0,20330","3,87M","-5,08%"
"22.01.2020","0,21860","0,22030","0,22210","0,21520","2,62M","-0,86%"
"21.01.2020","0,22050","0,22390","0,22640","0,21240","3,89M","-0,94%"
"20.01.2020","0,22260","0,21390","0,22540","0,20970","5,15M","4,07%"
"19.01.2020","0,21390","0,22310","0,23000","0,20660","7,45M","-4,12%"
"18.01.2020","0,22310","0,22750","0,23230","0,21750","4,63M","-2,32%"
"17.01.2020","0,22840","0,21770","0,23350","0,21320","11,17M","4,92%"
"16.01.2020","0,21770","0,22040","0,22190","0,20890","6,20M","-1,05%"
"15.01.2020","0,22000","0,21370","0,23790","0,21260","17,96M","2,76%"
"14.01.2020","0,21410","0,18670","0,21440","0,18660","12,47M","14,68%"
"13.01.2020","0,18670","0,18980","0,19080","0,18660","1,94M","-1,84%"
"12.01.2020","0,19020","0,18800","0,19230","0,18700","1,87M","0,85%"
"11.01.2020","0,18860","0,18720","0,19410","0,18630","4,06M","0,53%"
"10.01.2020","0,18760","0,18500","0,18800","0,18200","4,06M","1,35%"
"09.01.2020","0,18510","0,18230","0,18880","0,18060","4,99M","1,65%"
"08.01.2020","0,18210","0,19270","0,19550","0,18170","8,22M","-5,25%"
"07.01.2020","0,19220","0,19150","0,19690","0,19070","7,26M","0,37%"
"06.01.2020","0,19150","0,18760","0,19630","0,18720","6,18M","2,19%"
"05.01.2020","0,18740","0,18830","0,19220","0,18480","4,52M","-0,48%"
"04.01.2020","0,18830","0,18660","0,18930","0,18340","3,57M","1,07%"
"03.01.2020","0,18630","0,18270","0,19220","0,17960","13,50M","1,97%"
"02.01.2020","0,18270","0,19610","0,19610","0,18160","9,50M","-6,88%"
"01.01.2020","0,19620","0,18080","0,19820","0,18010","9,23M","8,82%"
"31.12.2019","0,18030","0,18850","0,19380","0,17960","7,36M","-4,45%"
"30.12.2019","0,18870","0,19140","0,19940","0,18600","9,13M","-1,62%"
"29.12.2019","0,19180","0,18570","0,19550","0,18160","13,21M","3,28%"
"28.12.2019","0,18570","0,17000","0,18680","0,16990","11,82M","9,30%"
"27.12.2019","0,16990","0,16500","0,17000","0,16130","3,54M","2,97%"
"26.12.2019","0,16500","0,16030","0,16950","0,16030","4,14M","2,93%"
"25.12.2019","0,16030","0,16500","0,16520","0,15950","2,84M","-2,91%"
"24.12.2019","0,16510","0,16270","0,16920","0,16200","3,23M","1,48%"
"23.12.2019","0,16270","0,17390","0,17390","0,16140","4,64M","-6,01%"
"22.12.2019","0,17310","0,16570","0,17430","0,16510","2,97M","4,47%"
"21.12.2019","0,16570","0,16960","0,17360","0,16550","3,57M","-2,30%"
"20.12.2019","0,16960","0,16700","0,17290","0,16310","4,03M","1,56%"
"19.12.2019","0,16700","0,16830","0,16940","0,16070","7,07M","-0,77%"
"18.12.2019","0,16830","0,15480","0,17150","0,14620","17,18M","8,58%"
"17.12.2019","0,15500","0,17480","0,17520","0,15050","13,84M","-11,33%"
"16.12.2019","0,17480","0,18330","0,19240","0,17300","9,45M","-4,64%"
"15.12.2019","0,18330","0,17890","0,18740","0,17430","5,71M","2,40%"
"14.12.2019","0,17900","0,18750","0,19150","0,17630","7,18M","-4,53%"
"13.12.2019","0,18750","0,17380","0,19170","0,17290","11,85M","8,01%"
"12.12.2019","0,17360","0,17670","0,17800","0,17180","3,04M","-1,81%"
"11.12.2019","0,17680","0,17460","0,17970","0,17330","5,45M","1,32%"
"10.12.2019","0,17450","0,18490","0,18640","0,17130","10,59M","-5,68%"
"09.12.2019","0,18500","0,18860","0,19230","0,18310","3,94M","-1,91%"
"08.12.2019","0,18860","0,18780","0,19180","0,18460","4,86M","0,64%"
"07.12.2019","0,18740","0,19400","0,19660","0,18690","6,56M","-3,40%"
"06.12.2019","0,19400","0,18610","0,19480","0,18500","5,95M","4,25%"
"05.12.2019","0,18610","0,18160","0,18660","0,17900","6,05M","2,48%"
"04.12.2019","0,18160","0,19640","0,19640","0,17960","16,98M","-7,54%"
"03.12.2019","0,19640","0,18890","0,19640","0,18810","6,86M","4,08%"
"02.12.2019","0,18870","0,19500","0,19620","0,18430","6,45M","-3,23%"
"01.12.2019","0,19500","0,20300","0,20340","0,19010","9,10M","-4,22%"
"30.11.2019","0,20360","0,21470","0,21540","0,20110","4,59M","-5,39%"
"29.11.2019","0,21520","0,20490","0,21950","0,20490","9,22M","5,13%"
"28.11.2019","0,20470","0,20250","0,20890","0,19980","5,02M","1,09%"
"27.11.2019","0,20250","0,20290","0,20920","0,18830","13,96M","-0,30%"
"26.11.2019","0,20310","0,20460","0,21070","0,20110","9,04M","-0,39%"
"25.11.2019","0,20390","0,20260","0,22110","0,19190","10,61M","0,64%"
"24.11.2019","0,20260","0,22080","0,22220","0,20200","6,33M","-8,24%"
"23.11.2019","0,22080","0,21930","0,22590","0,20530","9,11M","0,68%"
"22.11.2019","0,21930","0,22170","0,22470","0,19410","13,68M","-0,99%"
"21.11.2019","0,22150","0,23330","0,23530","0,21080","9,28M","-4,94%"
"20.11.2019","0,23300","0,24970","0,25080","0,23160","8,59M","-7,02%"
"19.11.2019","0,25060","0,26250","0,26530","0,24010","10,06M","-4,53%"
"18.11.2019","0,26250","0,27420","0,27490","0,25500","8,39M","-4,51%"
"17.11.2019","0,27490","0,26770","0,27840","0,25610","11,58M","2,69%"
"16.11.2019","0,26770","0,25100","0,26940","0,24970","7,76M","6,65%"
"15.11.2019","0,25100","0,25650","0,26020","0,24250","7,09M","-2,14%"
"14.11.2019","0,25650","0,25450","0,26320","0,24960","15,03M","0,87%"
"13.11.2019","0,25430","0,24200","0,25690","0,23920","6,93M","5,21%"
"12.11.2019","0,24170","0,23940","0,24360","0,23630","2,88M","0,96%"
"11.11.2019","0,23940","0,24440","0,24650","0,23470","4,24M","-2,05%"
"10.11.2019","0,24440","0,24780","0,25140","0,24390","5,33M","-1,61%"
"09.11.2019","0,24840","0,23700","0,24840","0,23550","3,98M","4,59%"
"08.11.2019","0,23750","0,25120","0,25600","0,22630","7,50M","-5,45%"
"07.11.2019","0,25120","0,26330","0,26400","0,24790","3,91M","-4,49%"
"06.11.2019","0,26300","0,24960","0,26400","0,24720","5,89M","5,37%"
"05.11.2019","0,24960","0,24310","0,25500","0,23850","5,95M","3,10%"
"04.11.2019","0,24210","0,23070","0,24690","0,22960","5,63M","4,85%"
"03.11.2019","0,23090","0,23320","0,23500","0,22870","2,24M","-0,99%"
"02.11.2019","0,23320","0,23450","0,23640","0,23080","2,33M","-0,55%"
"01.11.2019","0,23450","0,23200","0,23900","0,22440","3,63M","1,08%"
"31.10.2019","0,23200","0,23440","0,24050","0,22700","6,20M","-0,98%"
"30.10.2019","0,23430","0,23480","0,23790","0,21970","6,71M","-0,04%"
"29.10.2019","0,23440","0,23650","0,23920","0,22980","4,56M","-0,97%"
"28.10.2019","0,23670","0,24000","0,24550","0,23610","5,79M","-1,37%"
"27.10.2019","0,24000","0,23570","0,24610","0,23030","10,88M","1,74%"
"26.10.2019","0,23590","0,25170","0,26870","0,23410","13,31M","-6,28%"
"25.10.2019","0,25170","0,23570","0,25560","0,22810","16,93M","6,97%"
"24.10.2019","0,23530","0,24110","0,26220","0,23160","18,33M","-2,08%"
"23.10.2019","0,24030","0,24050","0,25830","0,22370","32,47M","0,00%"
"22.10.2019","0,24030","0,21560","0,24830","0,21080","17,89M","11,35%"
"21.10.2019","0,21580","0,22650","0,22690","0,21400","3,34M","-4,72%"
"20.10.2019","0,22650","0,20900","0,22670","0,20440","5,73M","8,11%"
"19.10.2019","0,20950","0,21880","0,21900","0,20880","2,49M","-4,12%"
"18.10.2019","0,21850","0,22140","0,23010","0,21590","4,12M","-1,04%"
"17.10.2019","0,22080","0,21840","0,23140","0,21310","5,55M","1,10%"
"16.10.2019","0,21840","0,22060","0,22210","0,19910","9,07M","-1,71%"
"15.10.2019","0,22220","0,21480","0,23790","0,21260","12,95M","3,45%"
"14.10.2019","0,21480","0,20290","0,21570","0,20070","6,68M","5,60%"
"13.10.2019","0,20340","0,19700","0,20570","0,19320","4,82M","3,62%"
"12.10.2019","0,19630","0,18930","0,19750","0,18900","2,00M","3,70%"
"11.10.2019","0,18930","0,19470","0,19760","0,18620","4,00M","-2,72%"
"10.10.2019","0,19460","0,20710","0,20750","0,19280","3,68M","-5,58%"
"09.10.2019","0,20610","0,21040","0,21510","0,19590","10,34M","-2,23%"
"08.10.2019","0,21080","0,19370","0,21410","0,19280","6,62M","8,83%"
"07.10.2019","0,19370","0,18590","0,19710","0,18240","4,69M","4,42%"
"06.10.2019","0,18550","0,19670","0,20500","0,18330","6,61M","-5,69%"
"05.10.2019","0,19670","0,18590","0,19740","0,17920","4,20M","6,04%"
"04.10.2019","0,18550","0,18160","0,19970","0,17550","9,63M","2,43%"
"03.10.2019","0,18110","0,16860","0,18570","0,16630","5,32M","7,35%"
"02.10.2019","0,16870","0,16430","0,16940","0,16300","999,14K","2,68%"
"01.10.2019","0,16430","0,17310","0,17420","0,16170","2,61M","-4,86%"
"30.09.2019","0,17270","0,15860","0,17310","0,15190","2,51M","8,89%"
"29.09.2019","0,15860","0,16440","0,16440","0,15660","810,85K","-3,53%"
"28.09.2019","0,16440","0,16720","0,16810","0,15840","1,16M","-1,67%"
"27.09.2019","0,16720","0,15210","0,16830","0,14870","2,15M","9,86%"
"26.09.2019","0,15220","0,16070","0,16890","0,14520","4,09M","-5,29%"
"25.09.2019","0,16070","0,15600","0,16610","0,14760","6,11M","3,01%"
"24.09.2019","0,15600","0,18680","0,19130","0,15530","5,70M","-16,35%"
"23.09.2019","0,18650","0,19110","0,20550","0,18600","4,32M","-2,61%"
"22.09.2019","0,19150","0,20580","0,20640","0,19030","3,94M","-6,59%"
"21.09.2019","0,20500","0,21150","0,22170","0,20370","5,75M","-3,07%"
"20.09.2019","0,21150","0,19520","0,21590","0,19050","6,80M","8,35%"
"19.09.2019","0,19520","0,19710","0,19770","0,18200","4,65M","-0,96%"
"18.09.2019","0,19710","0,18520","0,19800","0,18350","4,92M","6,71%"
"17.09.2019","0,18470","0,17840","0,18700","0,17650","2,45M","3,53%"
"16.09.2019","0,17840","0,17400","0,17960","0,17160","1,95M","2,53%"
"15.09.2019","0,17400","0,17400","0,17520","0,17260","403,92K","0,00%"
"14.09.2019","0,17400","0,17170","0,17490","0,17010","1,20M","1,34%"
"13.09.2019","0,17170","0,17150","0,17470","0,16930","788,20K","0,23%"
"12.09.2019","0,17130","0,17040","0,17760","0,16960","2,08M","0,53%"
"11.09.2019","0,17040","0,17210","0,17500","0,16790","1,74M","-0,99%"
"10.09.2019","0,17210","0,17250","0,17790","0,17190","1,97M","-0,23%"
"09.09.2019","0,17250","0,17570","0,17640","0,16450","2,22M","-1,82%"
"08.09.2019","0,17570","0,17410","0,17790","0,17240","1,26M","0,92%"
"07.09.2019","0,17410","0,16640","0,17910","0,16500","1,92M","4,63%"
"06.09.2019","0,16640","0,17290","0,17300","0,16380","1,73M","-3,76%"
"05.09.2019","0,17290","0,17580","0,17640","0,16860","1,88M","-1,65%"
"04.09.2019","0,17580","0,17820","0,18030","0,17460","987,70K","-1,35%"
"03.09.2019","0,17820","0,18360","0,18680","0,17600","3,42M","-2,78%"
"02.09.2019","0,18330","0,18120","0,18350","0,17620","1,05M","1,50%"
"01.09.2019","0,18060","0,17700","0,18480","0,17560","1,02M","2,03%"
"31.08.2019","0,17700","0,17800","0,18190","0,17430","1,22M","-0,56%"
"30.08.2019","0,17800","0,17010","0,18000","0,16850","1,52M","4,64%"
"29.08.2019","0,17010","0,18240","0,18240","0,16630","4,35M","-6,74%"
"28.08.2019","0,18240","0,18910","0,19890","0,17510","4,25M","-3,54%"
"27.08.2019","0,18910","0,18800","0,18910","0,17550","3,13M","0,85%"
"26.08.2019","0,18750","0,19230","0,19620","0,18620","2,47M","-2,19%"
"25.08.2019","0,19170","0,20300","0,20730","0,18960","3,28M","-5,57%"
"24.08.2019","0,20300","0,20170","0,20760","0,19400","2,83M","0,50%"
"23.08.2019","0,20200","0,20010","0,20320","0,19120","3,13M","1,20%"
"22.08.2019","0,19960","0,18310","0,20440","0,17630","12,24M","9,07%"
"21.08.2019","0,18300","0,17920","0,19000","0,16860","4,56M","2,18%"
"20.08.2019","0,17910","0,18460","0,18570","0,17800","1,25M","-2,98%"
"19.08.2019","0,18460","0,18450","0,18880","0,18320","2,29M","0,05%"
"18.08.2019","0,18450","0,17670","0,18860","0,17510","1,82M","4,59%"
"17.08.2019","0,17640","0,17880","0,18120","0,17430","1,47M","-1,34%"
"16.08.2019","0,17880","0,18730","0,18870","0,17340","4,09M","-4,39%"
"15.08.2019","0,18700","0,16870","0,18850","0,16750","3,08M","11,18%"
"14.08.2019","0,16820","0,19750","0,19870","0,16570","6,05M","-14,71%"
"13.08.2019","0,19720","0,20380","0,20620","0,19030","3,91M","-3,24%"
"12.08.2019","0,20380","0,20770","0,20790","0,19980","1,68M","-1,59%"
"11.08.2019","0,20710","0,20220","0,21000","0,20140","4,23M","2,32%"
"10.08.2019","0,20240","0,19920","0,21550","0,19710","2,92M","1,61%"
"09.08.2019","0,19920","0,20980","0,21190","0,19600","3,03M","-5,05%"
"08.08.2019","0,20980","0,22240","0,23250","0,20650","4,62M","-5,37%"
"07.08.2019","0,22170","0,21710","0,23550","0,21270","5,09M","2,12%"
"06.08.2019","0,21710","0,23380","0,23470","0,21630","3,47M","-6,94%"
"05.08.2019","0,23330","0,23590","0,24190","0,23090","4,16M","-1,10%"
"04.08.2019","0,23590","0,23490","0,24180","0,23030","1,95M","0,47%"
"03.08.2019","0,23480","0,23660","0,23940","0,23130","2,84M","-0,55%"
"02.08.2019","0,23610","0,23640","0,24560","0,23160","3,85M","-0,13%"
"01.08.2019","0,23640","0,24700","0,24720","0,23280","2,63M","-4,25%"
"31.07.2019","0,24690","0,24670","0,25400","0,24380","1,85M","0,37%"
"30.07.2019","0,24600","0,25350","0,25510","0,24060","3,34M","-2,96%"
"29.07.2019","0,25350","0,25770","0,26360","0,25050","2,82M","-1,40%"
"28.07.2019","0,25710","0,27130","0,27910","0,24380","5,29M","-5,06%"
"27.07.2019","0,27080","0,26210","0,27840","0,24800","10,73M","3,44%"
"26.07.2019","0,26180","0,23390","0,26350","0,22950","3,97M","11,93%"
"25.07.2019","0,23390","0,23170","0,24220","0,23120","1,50M","0,56%"
"24.07.2019","0,23260","0,23090","0,23760","0,22220","2,11M","1,04%"
"23.07.2019","0,23020","0,24550","0,25470","0,22960","2,91M","-6,16%"
"22.07.2019","0,24530","0,24830","0,25460","0,23900","2,13M","-1,17%"
"21.07.2019","0,24820","0,25370","0,25760","0,24100","1,80M","-2,17%"
"20.07.2019","0,25370","0,24530","0,26290","0,24410","3,16M","3,42%"
"19.07.2019","0,24530","0,23280","0,25800","0,23040","4,63M","5,23%"
"18.07.2019","0,23310","0,21520","0,23520","0,20840","4,92M","7,52%"
"17.07.2019","0,21680","0,20330","0,22610","0,19940","3,42M","6,64%"
"16.07.2019","0,20330","0,24720","0,25000","0,19980","4,46M","-17,66%"
"15.07.2019","0,24690","0,24640","0,25160","0,22060","3,60M","0,37%"
"14.07.2019","0,24600","0,28600","0,28600","0,24600","3,86M","-14,17%"
"13.07.2019","0,28660","0,28930","0,29590","0,27860","3,04M","-0,80%"
"12.07.2019","0,28890","0,29570","0,29790","0,27900","3,29M","-2,13%"
"11.07.2019","0,29520","0,29630","0,30110","0,27100","4,99M","-0,47%"
"10.07.2019","0,29660","0,29460","0,33120","0,28490","7,18M","0,68%"
"09.07.2019","0,29460","0,29680","0,30480","0,28760","4,86M","-0,81%"
"08.07.2019","0,29700","0,29830","0,32140","0,29550","6,59M","-0,44%"
"07.07.2019","0,29830","0,29430","0,30570","0,29230","2,96M","1,32%"
"06.07.2019","0,29440","0,29470","0,29850","0,29000","2,69M","-0,14%"
"05.07.2019","0,29480","0,29410","0,30210","0,28980","2,73M","0,24%"
"04.07.2019","0,29410","0,30880","0,31190","0,29100","4,17M","-4,76%"
"03.07.2019","0,30880","0,32270","0,32270","0,30270","5,28M","-4,31%"
"02.07.2019","0,32270","0,33280","0,33820","0,29950","9,77M","-3,12%"
"01.07.2019","0,33310","0,29530","0,34990","0,29530","20,53M","13,11%"
"30.06.2019","0,29450","0,32650","0,34680","0,29000","11,65M","-9,44%"
"29.06.2019","0,32520","0,29200","0,32680","0,28180","7,22M","11,83%"
"28.06.2019","0,29080","0,28920","0,30020","0,28390","3,17M","0,55%"
"27.06.2019","0,28920","0,30620","0,31220","0,28150","8,82M","-5,49%"
"26.06.2019","0,30600","0,31500","0,33000","0,29780","11,88M","-2,86%"
"25.06.2019","0,31500","0,32350","0,32510","0,31300","4,51M","-2,69%"
"24.06.2019","0,32370","0,32590","0,33240","0,32060","2,64M","-0,68%"
"23.06.2019","0,32590","0,33240","0,33760","0,32130","4,83M","-1,78%"
"22.06.2019","0,33180","0,32800","0,33880","0,31300","12,03M","1,07%"
"21.06.2019","0,32830","0,33060","0,33350","0,32270","3,40M","-0,70%"
"20.06.2019","0,33060","0,34020","0,34290","0,32100","4,26M","-2,82%"
"19.06.2019","0,34020","0,35070","0,35190","0,33900","3,25M","-2,94%"
"18.06.2019","0,35050","0,34480","0,35100","0,33350","6,21M","1,77%"
"17.06.2019","0,34440","0,33490","0,36680","0,33400","11,91M","2,84%"
"16.06.2019","0,33490","0,32860","0,33730","0,32010","3,74M","1,98%"
"15.06.2019","0,32840","0,31770","0,33340","0,31570","3,13M","3,14%"
"14.06.2019","0,31840","0,32430","0,32740","0,30810","4,61M","-1,82%"
"13.06.2019","0,32430","0,33360","0,33370","0,32270","2,73M","-2,79%"
"12.06.2019","0,33360","0,32440","0,33480","0,32270","2,74M","2,99%"
"11.06.2019","0,32390","0,33160","0,33380","0,31920","1,72M","-2,26%"
"10.06.2019","0,33140","0,31770","0,33510","0,31230","2,30M","4,08%"
"09.06.2019","0,31840","0,33600","0,34250","0,31270","2,70M","-5,24%"
"08.06.2019","0,33600","0,33730","0,34870","0,32700","2,36M","-0,33%"
"07.06.2019","0,33710","0,32660","0,34670","0,32400","4,85M","3,28%"
"06.06.2019","0,32640","0,32760","0,33410","0,30990","5,09M","-0,34%"
"05.06.2019","0,32750","0,33000","0,34150","0,31650","5,13M","-0,91%"
"04.06.2019","0,33050","0,33500","0,35670","0,31910","9,57M","-2,25%"
"03.06.2019","0,33810","0,35920","0,37500","0,33500","9,23M","-5,61%"
"02.06.2019","0,35820","0,35730","0,36880","0,35360","3,97M","0,20%"
"01.06.2019","0,35750","0,34770","0,36330","0,34160","4,92M","2,79%"
"31.05.2019","0,34780","0,33500","0,35090","0,31960","4,08M","3,24%"
"30.05.2019","0,33690","0,36110","0,38360","0,31600","13,08M","-6,73%"
"29.05.2019","0,36120","0,36870","0,36980","0,34450","5,60M","-2,27%"
"28.05.2019","0,36960","0,37780","0,38060","0,35900","5,90M","-2,07%"