"05.01.2022","3,0794","2,8779","3,1583","2,8547","157,56M","6,74%"
"04.01.2022","2,8849","2,8686","3,0565","2,8116","171,11M","0,80%"
"03.01.2022","2,8621","2,4841","2,8680","2,3733","175,75M","15,05%"
"02.01.2022","2,4877","2,5827","2,5995","2,4474","84,91M","-3,81%"
"01.01.2022","2,5863","2,2565","2,5898","2,2530","113,23M","14,88%"
"31.12.2021","2,2514","2,1015","2,3385","2,0830","111,01M","7,25%"
"30.12.2021","2,0993","2,1337","2,2254","2,0372","85,16M","-1,56%"
"29.12.2021","2,1325","2,2286","2,3637","2,1027","143,84M","-4,08%"
"28.12.2021","2,2231","2,1986","2,3581","2,0711","195,61M","1,19%"
"27.12.2021","2,1969","2,3375","2,4475","2,1851","108,38M","-5,91%"
"26.12.2021","2,3349","2,1153","2,3863","2,0953","149,81M","10,57%"
"25.12.2021","2,1117","2,0831","2,1752","1,9701","114,11M","1,61%"
"24.12.2021","2,0783","1,8608","2,2342","1,8377","168,35M","11,57%"
"23.12.2021","1,8627","1,5976","1,9083","1,5751","165,12M","16,59%"
"22.12.2021","1,5977","1,4805","1,6602","1,4725","103,37M","7,88%"
"21.12.2021","1,4810","1,3664","1,4900","1,3464","61,08M","8,55%"
"20.12.2021","1,3644","1,4267","1,4442","1,3107","74,94M","-4,51%"
"19.12.2021","1,4289","1,4185","1,4759","1,3920","49,01M","0,57%"
"18.12.2021","1,4208","1,4070","1,5399","1,3545","79,60M","1,23%"
"17.12.2021","1,4035","1,4270","1,4900","1,3342","81,99M","-1,73%"
"16.12.2021","1,4282","1,4731","1,5696","1,4237","97,29M","-3,40%"
"15.12.2021","1,4785","1,3141","1,4957","1,2604","105,17M","12,46%"
"14.12.2021","1,3147","1,2802","1,3342","1,2421","69,40M","2,50%"
"13.12.2021","1,2826","1,4897","1,5058","1,2530","88,79M","-14,05%"
"12.12.2021","1,4922","1,4879","1,5531","1,4372","41,52M","0,53%"
"11.12.2021","1,4844","1,4140","1,4892","1,3885","47,55M","4,96%"
"10.12.2021","1,4142","1,4253","1,5208","1,3840","88,08M","-0,41%"
"09.12.2021","1,4200","1,6512","1,6512","1,4074","71,36M","-13,64%"
"08.12.2021","1,6443","1,5939","1,6448","1,5085","76,79M","3,29%"
"07.12.2021","1,5919","1,5973","1,7191","1,5717","102,06M","-0,37%"
"06.12.2021","1,5978","1,5300","1,6120","1,3470","183,17M","4,46%"
"05.12.2021","1,5296","1,7196","1,7467","1,4866","102,75M","-11,40%"
"04.12.2021","1,7264","1,9831","1,9915","1,1863","251,01M","-12,90%"
"03.12.2021","1,9821","2,0665","2,1588","1,8985","74,16M","-4,08%"
"02.12.2021","2,0665","2,1412","2,1412","2,0256","53,04M","-3,43%"
"01.12.2021","2,1400","2,1378","2,2770","2,1227","70,26M","0,14%"
"30.11.2021","2,1370","2,1628","2,2835","2,0751","84,30M","-1,05%"
"29.11.2021","2,1597","2,1141","2,1869","2,0627","57,33M","2,39%"
"28.11.2021","2,1093","2,0814","2,1176","1,8887","72,99M","1,18%"
"27.11.2021","2,0846","2,1170","2,2157","2,0304","60,59M","-1,18%"
"26.11.2021","2,1094","2,4729","2,5595","2,0100","162,79M","-14,50%"
"25.11.2021","2,4672","2,5880","2,6678","2,4195","113,71M","-4,79%"
"24.11.2021","2,5912","2,3134","2,6100","2,2249","188,42M","11,94%"
"23.11.2021","2,3148","1,9482","2,4523","1,9270","247,18M","18,77%"
"22.11.2021","1,9490","2,0799","2,0854","1,9222","79,58M","-6,24%"
"21.11.2021","2,0788","2,1798","2,1815","2,0083","80,91M","-4,60%"
"20.11.2021","2,1790","2,2637","2,2816","2,0800","85,83M","-3,66%"
"19.11.2021","2,2617","1,8516","2,2638","1,8130","152,19M","22,46%"
"18.11.2021","1,8469","2,1446","2,2228","1,7673","186,48M","-14,06%"
"17.11.2021","2,1490","2,2011","2,3100","2,0792","96,97M","-2,46%"
"16.11.2021","2,2031","2,4706","2,4706","2,0467","124,38M","-10,83%"
"15.11.2021","2,4706","2,5884","2,6148","2,4660","43,62M","-4,56%"
"14.11.2021","2,5886","2,6083","2,6487","2,5121","43,87M","-1,09%"
"13.11.2021","2,6170","2,6301","2,7163","2,5728","50,00M","-0,54%"
"12.11.2021","2,6313","2,5976","2,6753","2,4504","100,27M","1,20%"
"11.11.2021","2,6000","2,6278","2,7283","2,5782","62,50M","-1,48%"
"10.11.2021","2,6391","2,8680","2,9849","2,3338","139,98M","-7,96%"
"09.11.2021","2,8672","3,1617","3,1672","2,8590","85,84M","-9,36%"
"08.11.2021","3,1632","2,8651","3,1691","2,8160","119,85M","10,31%"
"07.11.2021","2,8676","2,7683","2,8968","2,7566","58,78M","3,65%"
"06.11.2021","2,7667","2,6516","2,7900","2,5628","68,22M","4,27%"
"05.11.2021","2,6535","2,7669","2,9535","2,6292","131,68M","-4,03%"
"04.11.2021","2,7650","2,6654","2,7650","2,4169","106,84M","3,62%"
"03.11.2021","2,6684","2,7189","2,7500","2,5465","106,08M","-1,96%"
"02.11.2021","2,7217","2,6977","2,7910","2,6682","76,24M","0,68%"
"01.11.2021","2,7033","2,8643","2,9222","2,6697","91,06M","-5,66%"
"31.10.2021","2,8655","2,6655","2,8945","2,5662","110,92M","7,85%"
"30.10.2021","2,6570","2,8819","2,9752","2,6002","163,80M","-7,61%"
"29.10.2021","2,8760","2,9222","3,0794","2,8506","124,31M","-1,47%"
"28.10.2021","2,9188","3,1038","3,4766","2,9038","275,52M","-5,81%"
"27.10.2021","3,0990","3,1392","3,2932","2,5245","351,03M","-1,24%"
"26.10.2021","3,1380","3,0422","3,4706","3,0239","259,12M","3,10%"
"25.10.2021","3,0436","2,7056","3,0475","2,6853","146,13M","12,65%"
"24.10.2021","2,7018","2,5548","2,8279","2,5498","156,22M","5,79%"
"23.10.2021","2,5539","2,6200","2,6795","2,4755","116,05M","-2,50%"
"22.10.2021","2,6195","2,2231","2,6396","2,2149","183,47M","17,85%"
"21.10.2021","2,2227","2,4280","2,4517","2,2051","132,94M","-8,38%"
"20.10.2021","2,4259","2,3526","2,4375","2,2503","165,76M","3,18%"
"19.10.2021","2,3511","2,2179","2,4836","2,2099","176,00M","5,98%"
"18.10.2021","2,2184","2,3042","2,3084","2,1458","106,81M","-3,59%"
"17.10.2021","2,3010","2,1400","2,3377","2,0748","210,83M","7,56%"
"16.10.2021","2,1393","1,9303","2,1582","1,9136","111,28M","10,94%"
"15.10.2021","1,9284","2,0254","2,0725","1,9168","116,59M","-4,83%"
"14.10.2021","2,0263","2,0120","2,1606","1,9983","105,76M","0,72%"
"13.10.2021","2,0119","2,0906","2,1468","1,9679","148,51M","-3,73%"
"12.10.2021","2,0898","2,3361","2,3448","2,0430","195,35M","-10,61%"
"11.10.2021","2,3379","2,0267","2,3626","1,9749","238,25M","15,28%"
"10.10.2021","2,0281","2,1595","2,2614","2,0158","181,49M","-6,16%"
"09.10.2021","2,1612","2,3004","2,3302","2,1121","224,32M","-5,90%"
"08.10.2021","2,2968","2,0246","2,4456","1,9513","571,09M","13,72%"
"07.10.2021","2,0197","1,6103","2,0881","1,5693","600,40M","25,63%"
"06.10.2021","1,6077","1,4149","1,6170","1,2929","198,41M","13,75%"
"05.10.2021","1,4134","1,3979","1,4523","1,3695","97,96M","1,16%"
"04.10.2021","1,3972","1,4664","1,4664","1,3560","151,33M","-4,77%"
"03.10.2021","1,4672","1,4618","1,5469","1,4046","152,38M","0,55%"
"02.10.2021","1,4592","1,4179","1,5229","1,3628","154,62M","3,01%"
"01.10.2021","1,4165","1,2061","1,4386","1,1991","213,86M","17,42%"
"30.09.2021","1,2064","1,1994","1,2660","1,1877","135,84M","0,53%"
"29.09.2021","1,2000","1,1740","1,2886","1,1564","180,96M","2,13%"
"28.09.2021","1,1750","1,2800","1,3796","1,1652","294,02M","-8,22%"
"27.09.2021","1,2802","1,1787","1,3527","1,1558","286,51M","8,60%"
"26.09.2021","1,1788","1,2423","1,2571","1,0933","220,56M","-5,11%"
"25.09.2021","1,2423","1,1997","1,3749","1,1821","291,70M","3,61%"
"24.09.2021","1,1990","1,2638","1,2690","1,0519","294,29M","-5,02%"
"23.09.2021","1,2624","1,2487","1,2895","1,1670","234,43M","1,08%"
"22.09.2021","1,2489","0,9845","1,2622","0,9711","306,58M","27,26%"
"21.09.2021","0,9814","1,1466","1,2200","0,9446","341,32M","-14,53%"
"20.09.2021","1,1483","1,4573","1,4840","1,0511","412,42M","-21,15%"
"19.09.2021","1,4563","1,3313","1,4897","1,2831","219,97M","9,37%"
"18.09.2021","1,3315","1,2495","1,4304","1,2290","179,18M","6,96%"
"17.09.2021","1,2449","1,3079","1,3981","1,2380","173,22M","-4,82%"
"16.09.2021","1,3079","1,4420","1,4758","1,2692","237,43M","-9,22%"
"15.09.2021","1,4407","1,2042","1,5222","1,1924","387,87M","20,03%"
"14.09.2021","1,2003","1,3067","1,3299","1,1341","268,70M","-8,09%"
"13.09.2021","1,3059","1,4423","1,4527","1,2248","249,13M","-9,50%"
"12.09.2021","1,4430","1,5466","1,5552","1,3879","189,54M","-6,59%"
"11.09.2021","1,5448","1,4945","1,6864","1,4420","282,62M","3,39%"
"10.09.2021","1,4941","1,6530","1,7659","1,4213","330,46M","-9,83%"
"09.09.2021","1,6570","1,5602","1,9330","1,5194","657,88M","5,99%"
"08.09.2021","1,5634","1,4122","1,6779","1,2587","713,46M","11,57%"
"07.09.2021","1,4013","1,3937","1,8370","1,1780","1,09B","0,68%"
"06.09.2021","1,3918","1,2150","1,4792","1,1905","465,64M","14,50%"
"05.09.2021","1,2155","1,0629","1,2728","1,0137","400,75M","14,58%"
"04.09.2021","1,0608","0,9756","1,1875","0,9679","496,08M","8,23%"
"03.09.2021","0,9801","0,8491","0,9813","0,8153","339,56M","15,59%"
"02.09.2021","0,8479","0,8708","0,9317","0,8148","356,41M","-2,37%"
"01.09.2021","0,8685","0,7193","0,9648","0,6963","555,89M","20,59%"
"31.08.2021","0,7202","0,7990","0,8818","0,6880","465,78M","-10,00%"
"30.08.2021","0,8002","0,5861","0,8997","0,5850","988,83M","36,90%"
"29.08.2021","0,5845","0,5230","0,5863","0,4967","121,35M","11,74%"
"28.08.2021","0,5231","0,4924","0,5333","0,4686","107,13M","6,32%"
"27.08.2021","0,4920","0,4336","0,4950","0,4190","123,28M","13,55%"
"26.08.2021","0,4333","0,5000","0,5168","0,4325","150,58M","-12,94%"
"25.08.2021","0,4977","0,4814","0,5200","0,4650","121,80M","3,24%"
"24.08.2021","0,4821","0,5506","0,5581","0,4705","145,51M","-12,49%"
"23.08.2021","0,5509","0,5567","0,5886","0,5340","115,12M","-0,80%"
"22.08.2021","0,5554","0,5732","0,5975","0,5273","150,26M","-2,76%"
"21.08.2021","0,5712","0,4922","0,5779","0,4755","223,22M","16,03%"
"20.08.2021","0,4922","0,5086","0,5387","0,4848","210,50M","-2,87%"
"19.08.2021","0,5068","0,4144","0,5068","0,4141","344,70M","22,17%"
"18.08.2021","0,4148","0,3912","0,4509","0,3666","267,22M","5,93%"
"17.08.2021","0,3916","0,3950","0,4651","0,3773","289,59M","-0,88%"
"16.08.2021","0,3951","0,3469","0,4264","0,3469","271,63M","13,86%"
"15.08.2021","0,3470","0,3379","0,3500","0,3211","76,68M","2,71%"
"14.08.2021","0,3379","0,3445","0,3548","0,3255","86,01M","-1,93%"
"13.08.2021","0,3445","0,3081","0,3514","0,3043","99,82M","11,91%"
"12.08.2021","0,3078","0,3199","0,3397","0,2908","113,56M","-3,84%"
"11.08.2021","0,3201","0,2973","0,3388","0,2953","131,80M","7,84%"
"10.08.2021","0,2969","0,2787","0,3034","0,2736","106,76M","6,51%"
"09.08.2021","0,2787","0,2672","0,2898","0,2572","96,78M","4,30%"
"08.08.2021","0,2672","0,2863","0,3000","0,2603","114,98M","-6,18%"
"07.08.2021","0,2848","0,2800","0,2961","0,2688","102,17M","1,96%"
"06.08.2021","0,2794","0,2615","0,2872","0,2589","127,11M","7,45%"
"05.08.2021","0,2600","0,2463","0,2600","0,2319","79,14M","5,95%"
"04.08.2021","0,2454","0,2380","0,2514","0,2299","66,85M","2,96%"
"03.08.2021","0,2384","0,2517","0,2576","0,2337","55,49M","-4,96%"
"02.08.2021","0,2508","0,2457","0,2547","0,2382","73,32M","1,91%"
"01.08.2021","0,2461","0,2561","0,2670","0,2427","97,84M","-3,68%"
"31.07.2021","0,2555","0,2539","0,2599","0,2442","74,23M","0,82%"
"30.07.2021","0,2534","0,2499","0,2572","0,2290","102,32M","1,60%"
"29.07.2021","0,2494","0,2274","0,2554","0,2231","156,94M","9,90%"
"28.07.2021","0,2270","0,2243","0,2291","0,2157","93,65M","1,29%"
"27.07.2021","0,2241","0,2089","0,2349","0,2003","122,67M","7,02%"
"26.07.2021","0,2094","0,1979","0,2417","0,1963","180,22M","5,77%"
"25.07.2021","0,1980","0,1924","0,1981","0,1863","54,82M","3,16%"
"24.07.2021","0,1919","0,1916","0,1962","0,1895","63,16M","0,42%"
"23.07.2021","0,1911","0,1857","0,1930","0,1791","64,79M","2,74%"
"22.07.2021","0,1860","0,1771","0,1895","0,1719","77,40M","5,12%"
"21.07.2021","0,1769","0,1598","0,1845","0,1563","94,27M","10,58%"
"20.07.2021","0,1600","0,1705","0,1734","0,1532","89,85M","-5,90%"
"19.07.2021","0,1700","0,1900","0,1914","0,1683","60,78M","-10,56%"
"18.07.2021","0,1901","0,1959","0,2029","0,1876","38,90M","-3,17%"
"17.07.2021","0,1963","0,1936","0,1980","0,1883","45,15M","1,40%"
"16.07.2021","0,1936","0,2116","0,2158","0,1936","47,02M","-8,52%"
"15.07.2021","0,2116","0,2196","0,2233","0,2028","54,34M","-3,54%"
"14.07.2021","0,2194","0,2229","0,2233","0,2064","51,93M","-1,41%"
"13.07.2021","0,2225","0,2238","0,2353","0,2162","57,46M","-0,82%"
"12.07.2021","0,2244","0,2317","0,2388","0,2189","54,64M","-3,05%"
"11.07.2021","0,2314","0,2259","0,2366","0,2206","46,96M","2,47%"
"10.07.2021","0,2259","0,2336","0,2413","0,2217","48,38M","-3,58%"
"09.07.2021","0,2342","0,2269","0,2404","0,2248","68,79M","-1,65%"
"08.07.2021","0,2382","0,2574","0,2600","0,2334","102,60M","-7,76%"
"07.07.2021","0,2582","0,2492","0,2776","0,2492","123,59M","3,90%"
"06.07.2021","0,2485","0,2299","0,2509","0,2299","98,50M","8,05%"
"05.07.2021","0,2300","0,2424","0,2424","0,2291","87,32M","-5,26%"
"04.07.2021","0,2428","0,2376","0,2480","0,2363","78,79M","2,03%"
"03.07.2021","0,2379","0,2278","0,2379","0,2263","61,60M","4,81%"
"02.07.2021","0,2270","0,2215","0,2274","0,2148","85,51M","2,50%"
"01.07.2021","0,2215","0,2404","0,2404","0,2215","121,74M","-8,27%"
"30.06.2021","0,2415","0,2353","0,2415","0,2182","133,79M","3,26%"
"29.06.2021","0,2338","0,2256","0,2481","0,2256","119,09M","3,89%"
"28.06.2021","0,2251","0,2181","0,2295","0,2177","115,17M","3,22%"
"27.06.2021","0,2181","0,2127","0,2181","0,2044","102,27M","2,65%"
"26.06.2021","0,2124","0,2063","0,2124","0,1971","139,80M","3,12%"
"25.06.2021","0,2060","0,2421","0,2446","0,2060","171,73M","-14,93%"
"24.06.2021","0,2422","0,2465","0,2544","0,2342","127,26M","-1,60%"
"23.06.2021","0,2461","0,2171","0,2554","0,2171","190,87M","13,65%"
"22.06.2021","0,2166","0,2350","0,2497","0,2002","330,52M","-8,27%"
"21.06.2021","0,2361","0,3097","0,3097","0,2361","247,24M","-23,47%"
"20.06.2021","0,3085","0,3085","0,3175","0,2892","161,44M","-0,09%"
"19.06.2021","0,3088","0,2948","0,3266","0,2834","164,14M","4,91%"
"18.06.2021","0,2943","0,3229","0,3400","0,2927","252,72M","-8,18%"
"17.06.2021","0,3205","0,2798","0,3205","0,2798","220,50M","14,34%"
"16.06.2021","0,2804","0,2878","0,2884","0,2734","120,16M","-2,92%"
"15.06.2021","0,2888","0,3000","0,3022","0,2865","132,81M","-3,73%"
"14.06.2021","0,3000","0,2810","0,3023","0,2735","171,30M","6,95%"
"13.06.2021","0,2805","0,2400","0,2805","0,2346","133,47M","17,36%"
"12.06.2021","0,2390","0,2524","0,2524","0,2361","125,81M","-5,38%"
"11.06.2021","0,2526","0,2796","0,2801","0,2526","113,65M","-9,46%"
"10.06.2021","0,2790","0,3071","0,3071","0,2782","137,43M","-8,96%"
"09.06.2021","0,3064","0,2917","0,3078","0,2769","177,67M","4,53%"
"08.06.2021","0,2932","0,2990","0,2990","0,2677","215,41M","-1,61%"
"07.06.2021","0,2979","0,3406","0,3560","0,2979","145,42M","-12,67%"
"06.06.2021","0,3412","0,3122","0,3440","0,3122","99,81M","9,29%"
"05.06.2021","0,3122","0,3380","0,3594","0,3097","177,36M","-6,93%"
"04.06.2021","0,3354","0,3824","0,3824","0,3185","191,13M","-12,08%"
"03.06.2021","0,3815","0,3477","0,3927","0,3477","239,65M","9,17%"
"02.06.2021","0,3495","0,3104","0,3592","0,3022","217,38M","13,12%"
"01.06.2021","0,3090","0,3192","0,3263","0,3037","129,65M","-3,60%"
"31.05.2021","0,3205","0,2945","0,3205","0,2794","125,68M","8,76%"
"30.05.2021","0,2947","0,2764","0,3070","0,2659","122,59M","6,80%"
"29.05.2021","0,2759","0,3039","0,3110","0,2671","121,40M","-9,11%"
"28.05.2021","0,3036","0,3456","0,3456","0,2928","225,76M","-12,30%"
"27.05.2021","0,3461","0,3780","0,3780","0,3285","187,31M","-8,26%"
"26.05.2021","0,3773","0,3312","0,3822","0,3311","303,90M","14,77%"
"25.05.2021","0,3288","0,3430","0,3430","0,2997","284,64M","-3,92%"
"24.05.2021","0,3422","0,2557","0,3523","0,2557","396,66M","35,89%"
"23.05.2021","0,2518","0,2901","0,2931","0,2003","523,15M","-13,25%"
"22.05.2021","0,2902","0,3513","0,3573","0,2902","240,27M","-17,48%"
"21.05.2021","0,3517","0,4488","0,4795","0,3324","291,45M","-21,29%"
"20.05.2021","0,4468","0,4005","0,5053","0,3762","383,98M","12,74%"
"19.05.2021","0,3963","0,6837","0,7230","0,3675","798,81M","-41,91%"
"18.05.2021","0,6823","0,5828","0,6823","0,5803","201,21M","17,35%"
"17.05.2021","0,5814","0,6314","0,6314","0,5689","155,43M","-7,97%"
"16.05.2021","0,6317","0,6167","0,6922","0,5941","185,88M","2,92%"
"15.05.2021","0,6138","0,6917","0,7158","0,6138","143,43M","-11,26%"
"14.05.2021","0,6917","0,6152","0,7326","0,6152","157,47M","11,97%"
"13.05.2021","0,6178","0,6088","0,6896","0,5977","180,95M","4,56%"
"12.05.2021","0,5908","0,7875","0,7875","0,5908","226,37M","-24,95%"
"11.05.2021","0,7872","0,7710","0,7941","0,7268","166,31M","2,09%"
"10.05.2021","0,7711","0,9238","0,9238","0,7702","231,48M","-15,80%"
"09.05.2021","0,9159","0,8141","0,9338","0,7599","277,08M","12,37%"
"08.05.2021","0,8151","0,7775","0,9163","0,7775","366,81M","4,82%"
"07.05.2021","0,7776","0,7320","0,7776","0,6983","118,76M","6,31%"
"06.05.2021","0,7315","0,7814","0,7961","0,7298","157,15M","-6,48%"
"05.05.2021","0,7821","0,6814","0,8219","0,6814","289,39M","12,79%"
"04.05.2021","0,6934","0,7103","0,7217","0,6518","283,27M","-2,34%"
"03.05.2021","0,7100","0,7537","0,7718","0,7100","198,38M","-5,80%"
"02.05.2021","0,7537","0,8180","0,8372","0,7519","216,34M","-6,92%"
"01.05.2021","0,8098","0,7365","0,8098","0,7088","347,04M","9,44%"
"30.04.2021","0,7399","0,5844","0,7899","0,5804","495,02M","27,85%"
"29.04.2021","0,5787","0,6012","0,6958","0,5787","588,78M","-2,40%"
"28.04.2021","0,5930","0,5247","0,5930","0,4794","454,71M","12,74%"
"27.04.2021","0,5260","0,3839","0,5260","0,3839","288,49M","36,73%"
"26.04.2021","0,3847","0,3033","0,4066","0,3033","196,97M","25,99%"
"25.04.2021","0,3053","0,2793","0,3208","0,2793","76,25M","10,02%"
"24.04.2021","0,2775","0,3155","0,3155","0,2775","87,60M","-11,81%"
"23.04.2021","0,3147","0,3267","0,3267","0,2742","179,15M","-4,00%"
"22.04.2021","0,3278","0,3717","0,3874","0,3278","116,67M","-10,97%"
"21.04.2021","0,3682","0,4015","0,4018","0,3682","83,57M","-8,23%"
"20.04.2021","0,4012","0,4010","0,4096","0,3752","111,23M","0,05%"
"19.04.2021","0,4011","0,4240","0,4323","0,3682","166,90M","-5,40%"
"18.04.2021","0,4239","0,4950","0,4950","0,3667","255,12M","-14,12%"
"17.04.2021","0,4937","0,4581","0,5483","0,4515","381,90M","8,33%"
"16.04.2021","0,4557","0,4482","0,4557","0,4196","109,89M","2,58%"
"15.04.2021","0,4442","0,4171","0,4488","0,4171","106,97M","6,40%"
"14.04.2021","0,4175","0,4178","0,4319","0,4013","96,39M","-0,24%"
"13.04.2021","0,4185","0,4300","0,4356","0,4156","80,23M","-2,28%"
"12.04.2021","0,4283","0,4595","0,4595","0,4265","82,27M","-6,39%"
"11.04.2021","0,4575","0,4403","0,4575","0,4273","78,22M","4,12%"
"10.04.2021","0,4394","0,4523","0,4740","0,4312","91,49M","-2,80%"
"09.04.2021","0,4521","0,4378","0,4651","0,4345","106,82M","3,31%"
"08.04.2021","0,4376","0,4154","0,4510","0,4154","119,33M","5,84%"
"07.04.2021","0,4134","0,4595","0,4626","0,4134","176,19M","-9,50%"
"06.04.2021","0,4568","0,4840","0,5275","0,4488","345,52M","-5,42%"
"05.04.2021","0,4830","0,4078","0,4830","0,3975","224,50M","18,29%"
"04.04.2021","0,4083","0,3854","0,4160","0,3854","79,99M","5,32%"
"03.04.2021","0,3877","0,4284","0,4370","0,3877","91,93M","-9,30%"
"02.04.2021","0,4275","0,4449","0,4587","0,4272","101,99M","-3,47%"
"01.04.2021","0,4428","0,4235","0,4552","0,4113","130,20M","4,84%"
"31.03.2021","0,4224","0,4313","0,4340","0,4018","158,37M","-2,26%"
"30.03.2021","0,4321","0,4318","0,4752","0,4316","168,89M","0,04%"
"29.03.2021","0,4320","0,3936","0,4331","0,3929","137,26M","9,83%"
"28.03.2021","0,3933","0,3615","0,4067","0,3553","152,46M","9,46%"
"27.03.2021","0,3593","0,3677","0,3677","0,3448","76,70M","-2,10%"
"26.03.2021","0,3671","0,3230","0,3677","0,3230","108,91M","13,38%"
"25.03.2021","0,3237","0,3379","0,3498","0,3207","115,24M","-4,22%"
"24.03.2021","0,3380","0,3777","0,4031","0,3380","108,98M","-11,03%"
"23.03.2021","0,3799","0,3948","0,4091","0,3695","95,43M","-3,84%"
"22.03.2021","0,3951","0,4257","0,4435","0,3932","130,34M","-7,16%"
"21.03.2021","0,4255","0,4277","0,4353","0,4006","101,13M","-0,35%"
"20.03.2021","0,4270","0,4121","0,4783","0,4121","149,41M","2,92%"
"19.03.2021","0,4149","0,3980","0,4311","0,3980","93,94M","4,15%"
"18.03.2021","0,3983","0,4269","0,4356","0,3973","106,27M","-6,34%"
"17.03.2021","0,4253","0,3829","0,4253","0,3717","150,06M","11,41%"
"16.03.2021","0,3818","0,3682","0,3914","0,3643","111,68M","4,12%"
"15.03.2021","0,3666","0,3891","0,4036","0,3666","134,80M","-6,11%"
"14.03.2021","0,3905","0,4073","0,4130","0,3900","109,52M","-3,94%"
"13.03.2021","0,4065","0,3887","0,4302","0,3762","178,21M","4,61%"
"12.03.2021","0,3886","0,4440","0,4440","0,3846","311,77M","-12,03%"
"11.03.2021","0,4417","0,4599","0,4659","0,4417","167,27M","-3,49%"
"10.03.2021","0,4577","0,5295","0,5443","0,4577","203,39M","-13,44%"
"09.03.2021","0,5287","0,4510","0,5400","0,4392","274,46M","17,74%"
"08.03.2021","0,4490","0,4440","0,4587","0,4311","174,06M","1,01%"
"07.03.2021","0,4445","0,4435","0,4710","0,4370","140,67M","0,60%"
"06.03.2021","0,4419","0,4591","0,4672","0,4367","128,33M","-3,36%"
"05.03.2021","0,4572","0,4548","0,4780","0,4340","205,02M","-0,36%"
"04.03.2021","0,4589","0,5196","0,5196","0,4589","263,88M","-11,80%"
"03.03.2021","0,5203","0,5177","0,5801","0,5162","263,16M","0,48%"
"02.03.2021","0,5179","0,5826","0,5826","0,4987","347,50M","-10,94%"
"01.03.2021","0,5814","0,4240","0,6251","0,4240","638,80M","37,85%"
"28.02.2021","0,4218","0,4670","0,4714","0,3868","360,76M","-9,92%"
"27.02.2021","0,4683","0,5242","0,5547","0,4596","469,27M","-10,30%"
"26.02.2021","0,5220","0,5935","0,6266","0,5210","634,57M","-11,89%"
"25.02.2021","0,5924","0,6478","0,7808","0,5924","910,04M","-9,42%"
"24.02.2021","0,6540","0,4489","0,6540","0,4488","509,71M","46,61%"
"23.02.2021","0,4461","0,4570","0,4723","0,3552","664,44M","-2,19%"
"22.02.2021","0,4561","0,3472","0,4670","0,3472","579,57M","31,84%"
"21.02.2021","0,3460","0,2333","0,3530","0,2308","445,28M","48,06%"
"20.02.2021","0,2337","0,2410","0,2775","0,2337","281,77M","-3,79%"
"19.02.2021","0,2429","0,2115","0,2429","0,1973","168,02M","15,36%"
"18.02.2021","0,2105","0,1655","0,2167","0,1655","310,57M","27,22%"
"17.02.2021","0,1655","0,1720","0,1720","0,1580","87,39M","-3,90%"
"16.02.2021","0,1722","0,1737","0,1865","0,1663","111,21M","-0,86%"
"15.02.2021","0,1737","0,1700","0,1933","0,1412","184,46M","2,85%"
"14.02.2021","0,1689","0,1808","0,1808","0,1659","100,44M","-6,19%"
"13.02.2021","0,1800","0,1866","0,1928","0,1769","163,09M","-2,47%"
"12.02.2021","0,1846","0,1826","0,1917","0,1765","325,55M","4,19%"
"11.02.2021","0,1772","0,1387","0,1811","0,1371","378,40M","27,54%"
"10.02.2021","0,1389","0,1485","0,1515","0,1337","206,20M","-6,65%"
"09.02.2021","0,1488","0,1466","0,1516","0,1377","193,63M","2,27%"
"08.02.2021","0,1455","0,1319","0,1490","0,1313","193,05M","10,34%"
"07.02.2021","0,1319","0,1411","0,1418","0,1271","172,62M","-6,43%"
"06.02.2021","0,1409","0,1646","0,1646","0,1384","224,89M","-14,21%"
"05.02.2021","0,1643","0,1340","0,1643","0,1340","229,11M","22,64%"
"04.02.2021","0,1339","0,1302","0,1459","0,1302","298,39M","2,90%"
"03.02.2021","0,1302","0,1268","0,1469","0,1268","480,12M","3,06%"
"02.02.2021","0,1263","0,1082","0,1263","0,0982","485,47M","17,18%"
"01.02.2021","0,1078","0,1276","0,1276","0,1078","228,75M","-12,76%"
"31.01.2021","0,1235","0,1311","0,1311","0,1064","504,23M","-5,83%"
"30.01.2021","0,1312","0,1281","0,1566","0,1219","623,92M","2,40%"
"29.01.2021","0,1281","0,1191","0,2255","0,1188","1,33B","7,85%"
"28.01.2021","0,1188","0,0811","0,1188","0,0811","587,15M","44,94%"
"27.01.2021","0,0820","0,0732","0,0820","0,0676","646,92M","12,27%"
"26.01.2021","0,0730","0,0523","0,0730","0,0517","364,26M","39,58%"
"25.01.2021","0,0523","0,0568","0,0632","0,0523","507,34M","-8,20%"
"24.01.2021","0,0570","0,0406","0,0570","0,0406","1,06B","40,49%"
"23.01.2021","0,0406","0,0271","0,0406","0,0271","611,77M","50,02%"
"22.01.2021","0,0270","0,0264","0,0280","0,0253","103,62M","2,12%"
"21.01.2021","0,0265","0,0288","0,0289","0,0263","132,95M","-7,67%"
"20.01.2021","0,0287","0,0278","0,0287","0,0264","111,01M","2,25%"
"19.01.2021","0,0280","0,0298","0,0304","0,0280","105,06M","-6,00%"
"18.01.2021","0,0298","0,0303","0,0311","0,0289","113,79M","-0,73%"
"17.01.2021","0,0301","0,0286","0,0307","0,0267","144,60M","5,22%"
"16.01.2021","0,0286","0,0265","0,0298","0,0265","185,47M","8,39%"
"15.01.2021","0,0264","0,0246","0,0269","0,0246","187,78M","6,68%"
"14.01.2021","0,0247","0,0239","0,0249","0,0234","74,46M","3,22%"
"13.01.2021","0,0239","0,0219","0,0240","0,0218","97,26M","9,27%"
"12.01.2021","0,0219","0,0221","0,0229","0,0217","144,20M","-0,99%"
"11.01.2021","0,0221","0,0252","0,0252","0,0194","229,19M","-12,26%"
"10.01.2021","0,0252","0,0272","0,0285","0,0240","230,64M","-7,18%"
"09.01.2021","0,0272","0,0260","0,0283","0,0253","158,65M","3,07%"
"08.01.2021","0,0264","0,0240","0,0264","0,0225","193,40M","10,25%"
"07.01.2021","0,0239","0,0246","0,0269","0,0239","265,23M","-2,13%"
"06.01.2021","0,0244","0,0206","0,0244","0,0201","194,57M","18,43%"
"05.01.2021","0,0206","0,0205","0,0212","0,0192","209,68M","0,59%"
"04.01.2021","0,0205","0,0190","0,0205","0,0176","243,65M","9,57%"
"03.01.2021","0,0187","0,0164","0,0187","0,0162","184,23M","13,88%"
"02.01.2021","0,0164","0,0172","0,0172","0,0164","93,65M","-4,42%"
"01.01.2021","0,0172","0,0169","0,0177","0,0168","110,56M","1,72%"
"31.12.2020","0,0169","0,0166","0,0169","0,0162","91,11M","2,11%"
"30.12.2020","0,0166","0,0163","0,0168","0,0157","127,43M","1,35%"
"29.12.2020","0,0163","0,0175","0,0175","0,0160","135,69M","-6,10%"
"28.12.2020","0,0174","0,0167","0,0177","0,0166","106,21M","4,51%"
"27.12.2020","0,0166","0,0166","0,0173","0,0166","113,30M","0,00%"
"26.12.2020","0,0166","0,0173","0,0173","0,0163","79,57M","-4,09%"
"25.12.2020","0,0173","0,0176","0,0181","0,0172","67,06M","-1,42%"
"24.12.2020","0,0176","0,0164","0,0176","0,0155","108,72M","7,06%"
"23.12.2020","0,0164","0,0188","0,0192","0,0164","140,13M","-12,70%"
"22.12.2020","0,0188","0,0189","0,0191","0,0185","70,58M","-0,53%"
"21.12.2020","0,0189","0,0208","0,0213","0,0189","128,97M","-9,21%"
"20.12.2020","0,0208","0,0207","0,0212","0,0201","149,20M","0,63%"
"19.12.2020","0,0207","0,0203","0,0213","0,0202","82,76M","2,22%"
"18.12.2020","0,0203","0,0195","0,0205","0,0194","80,20M","3,42%"
"17.12.2020","0,0196","0,0209","0,0211","0,0196","176,70M","-5,73%"
"16.12.2020","0,0208","0,0210","0,0212","0,0203","69,58M","-1,05%"
"15.12.2020","0,0210","0,0210","0,0213","0,0205","51,31M","0,00%"
"14.12.2020","0,0210","0,0199","0,0212","0,0197","77,87M","5,37%"
"13.12.2020","0,0199","0,0191","0,0204","0,0191","76,07M","4,62%"
"12.12.2020","0,0191","0,0183","0,0192","0,0183","37,70M","3,98%"
"11.12.2020","0,0183","0,0199","0,0199","0,0183","91,75M","-7,99%"
"10.12.2020","0,0199","0,0196","0,0203","0,0189","138,00M","1,79%"
"09.12.2020","0,0196","0,0191","0,0198","0,0184","138,72M","2,62%"
"08.12.2020","0,0191","0,0216","0,0216","0,0191","117,89M","-12,00%"
"07.12.2020","0,0217","0,0220","0,0223","0,0215","70,25M","-1,32%"
"06.12.2020","0,0220","0,0225","0,0226","0,0212","63,73M","-2,40%"
"05.12.2020","0,0225","0,0209","0,0225","0,0209","71,35M","7,71%"
"04.12.2020","0,0209","0,0228","0,0228","0,0209","97,97M","-8,58%"
"03.12.2020","0,0228","0,0225","0,0244","0,0225","154,84M","1,06%"
"02.12.2020","0,0226","0,0204","0,0227","0,0204","108,56M","10,62%"
"01.12.2020","0,0204","0,0210","0,0230","0,0204","160,55M","-2,95%"
"30.11.2020","0,0211","0,0193","0,0211","0,0193","120,06M","9,01%"
"29.11.2020","0,0193","0,0193","0,0202","0,0191","56,66M","0,00%"
"28.11.2020","0,0193","0,0180","0,0194","0,0180","126,05M","7,39%"
"27.11.2020","0,0180","0,0183","0,0189","0,0176","119,22M","-1,48%"
"26.11.2020","0,0183","0,0225","0,0233","0,0177","350,50M","-19,20%"
"25.11.2020","0,0226","0,0235","0,0253","0,0225","240,35M","-3,99%"
"24.11.2020","0,0236","0,0222","0,0236","0,0217","295,50M","6,32%"
"23.11.2020","0,0222","0,0190","0,0222","0,0189","227,11M","17,20%"
"22.11.2020","0,0189","0,0201","0,0201","0,0184","131,08M","-5,45%"
"21.11.2020","0,0200","0,0184","0,0203","0,0184","170,66M","8,17%"
"20.11.2020","0,0185","0,0181","0,0189","0,0181","97,47M","2,04%"
"19.11.2020","0,0181","0,0174","0,0185","0,0169","150,61M","4,32%"
"18.11.2020","0,0174","0,0195","0,0195","0,0168","136,73M","-11,11%"
"17.11.2020","0,0195","0,0192","0,0198","0,0186","163,10M","1,51%"
"16.11.2020","0,0192","0,0177","0,0197","0,0176","136,33M","8,76%"
"15.11.2020","0,0177","0,0180","0,0187","0,0174","98,04M","-1,17%"
"14.11.2020","0,0179","0,0186","0,0189","0,0173","101,95M","-3,76%"
"13.11.2020","0,0186","0,0176","0,0190","0,0176","124,11M","6,16%"
"12.11.2020","0,0175","0,0197","0,0199","0,0172","146,53M","-11,20%"
"11.11.2020","0,0197","0,0209","0,0212","0,0197","160,72M","-5,82%"
"10.11.2020","0,0210","0,0182","0,0210","0,0179","150,69M","15,55%"
"09.11.2020","0,0181","0,0193","0,0193","0,0180","131,06M","-6,26%"
"08.11.2020","0,0193","0,0180","0,0196","0,0179","209,65M","7,33%"
"07.11.2020","0,0180","0,0180","0,0214","0,0177","316,63M","0,61%"
"06.11.2020","0,0179","0,0144","0,0179","0,0144","247,68M","24,63%"
"05.11.2020","0,0144","0,0138","0,0151","0,0134","176,83M","4,36%"
"04.11.2020","0,0138","0,0152","0,0152","0,0134","164,96M","-9,29%"
"03.11.2020","0,0152","0,0159","0,0161","0,0147","115,18M","-4,59%"
"02.11.2020","0,0159","0,0161","0,0168","0,0159","121,70M","-1,12%"
"01.11.2020","0,0161","0,0167","0,0169","0,0159","93,44M","-3,71%"
"31.10.2020","0,0167","0,0171","0,0180","0,0164","147,93M","-2,11%"
"30.10.2020","0,0171","0,0167","0,0171","0,0152","177,10M","2,46%"
"29.10.2020","0,0167","0,0189","0,0193","0,0163","154,42M","-11,81%"
"28.10.2020","0,0189","0,0216","0,0217","0,0185","192,71M","-12,55%"
"27.10.2020","0,0216","0,0218","0,0225","0,0215","99,57M","-1,05%"
"26.10.2020","0,0218","0,0242","0,0246","0,0218","70,74M","-9,91%"
"25.10.2020","0,0242","0,0258","0,0261","0,0241","54,11M","-6,19%"
"24.10.2020","0,0258","0,0244","0,0263","0,0242","78,86M","5,90%"
"23.10.2020","0,0244","0,0250","0,0252","0,0237","60,97M","-2,94%"
"22.10.2020","0,0251","0,0236","0,0270","0,0236","113,49M","6,44%"
"21.10.2020","0,0236","0,0227","0,0246","0,0227","92,47M","3,92%"
"20.10.2020","0,0227","0,0252","0,0253","0,0216","128,89M","-9,84%"
"19.10.2020","0,0252","0,0262","0,0262","0,0249","42,35M","-3,74%"
"18.10.2020","0,0262","0,0260","0,0270","0,0260","50,49M","0,81%"
"17.10.2020","0,0260","0,0252","0,0262","0,0249","105,13M","3,30%"
"16.10.2020","0,0251","0,0299","0,0302","0,0251","97,76M","-15,72%"
"15.10.2020","0,0298","0,0288","0,0302","0,0275","154,72M","3,50%"
"14.10.2020","0,0288","0,0312","0,0312","0,0283","98,23M","-7,18%"
"13.10.2020","0,0311","0,0318","0,0326","0,0309","43,43M","-2,33%"
"12.10.2020","0,0318","0,0325","0,0331","0,0312","88,11M","-2,12%"
"11.10.2020","0,0325","0,0312","0,0328","0,0306","69,03M","3,80%"
"10.10.2020","0,0313","0,0316","0,0329","0,0311","95,34M","-1,01%"
"09.10.2020","0,0316","0,0292","0,0320","0,0290","144,50M","8,07%"
"08.10.2020","0,0292","0,0271","0,0292","0,0253","110,45M","8,09%"
"07.10.2020","0,0271","0,0258","0,0274","0,0241","149,02M","4,36%"
"06.10.2020","0,0259","0,0302","0,0302","0,0252","167,13M","-13,97%"
"05.10.2020","0,0301","0,0319","0,0319","0,0296","95,23M","-5,46%"
"04.10.2020","0,0319","0,0308","0,0319","0,0302","87,74M","2,97%"
"03.10.2020","0,0310","0,0334","0,0335","0,0310","111,19M","-7,05%"
"02.10.2020","0,0333","0,0368","0,0369","0,0317","207,69M","-10,00%"
"01.10.2020","0,0370","0,0391","0,0396","0,0369","129,98M","-5,32%"
"30.09.2020","0,0391","0,0389","0,0391","0,0363","100,80M","0,00%"
"29.09.2020","0,0391","0,0390","0,0403","0,0378","107,54M","-0,53%"
"28.09.2020","0,0393","0,0397","0,0423","0,0391","176,15M","-0,78%"
"27.09.2020","0,0396","0,0401","0,0402","0,0379","111,87M","-1,20%"
"26.09.2020","0,0401","0,0419","0,0419","0,0391","127,34M","-4,11%"
"25.09.2020","0,0418","0,0397","0,0422","0,0371","158,61M","5,77%"
"24.09.2020","0,0395","0,0352","0,0402","0,0351","211,38M","12,43%"
"23.09.2020","0,0351","0,0449","0,0449","0,0351","242,20M","-21,10%"
"22.09.2020","0,0446","0,0372","0,0446","0,0372","275,68M","19,76%"
"21.09.2020","0,0372","0,0345","0,0389","0,0341","300,93M","7,67%"
"20.09.2020","0,0345","0,0397","0,0404","0,0345","153,20M","-13,08%"
"19.09.2020","0,0397","0,0392","0,0425","0,0385","436,11M","1,92%"
"18.09.2020","0,0390","0,0270","0,0390","0,0266","385,45M","44,28%"
"17.09.2020","0,0270","0,0270","0,0278","0,0264","74,84M","0,19%"
"16.09.2020","0,0270","0,0266","0,0273","0,0256","55,68M","1,05%"
"15.09.2020","0,0267","0,0294","0,0332","0,0267","109,95M","-9,12%"
"14.09.2020","0,0294","0,0268","0,0305","0,0258","94,33M","9,50%"
"13.09.2020","0,0268","0,0300","0,0300","0,0260","100,50M","-10,66%"
"12.09.2020","0,0300","0,0309","0,0310","0,0294","64,99M","-3,04%"
"11.09.2020","0,0310","0,0324","0,0324","0,0294","81,41M","-4,38%"
"10.09.2020","0,0324","0,0305","0,0332","0,0305","101,03M","6,27%"
"09.09.2020","0,0305","0,0298","0,0329","0,0280","138,95M","2,42%"
"08.09.2020","0,0298","0,0327","0,0327","0,0287","133,77M","-7,69%"
"07.09.2020","0,0322","0,0335","0,0344","0,0280","154,43M","-4,22%"
"06.09.2020","0,0337","0,0304","0,0340","0,0262","264,70M","10,22%"
"05.09.2020","0,0305","0,0455","0,0455","0,0305","225,45M","-32,40%"
"04.09.2020","0,0452","0,0409","0,0452","0,0396","196,55M","10,25%"
"03.09.2020","0,0410","0,0546","0,0546","0,0410","244,79M","-26,03%"
"02.09.2020","0,0554","0,0398","0,0555","0,0398","473,48M","39,02%"
"01.09.2020","0,0399","0,0395","0,0399","0,0355","185,05M","1,35%"
"31.08.2020","0,0393","0,0358","0,0417","0,0358","444,85M","10,29%"
"30.08.2020","0,0356","0,0268","0,0356","0,0265","193,02M","33,22%"
"29.08.2020","0,0268","0,0278","0,0290","0,0267","53,82M","-3,39%"
"28.08.2020","0,0277","0,0262","0,0277","0,0262","58,67M","5,73%"
"27.08.2020","0,0262","0,0289","0,0291","0,0255","85,79M","-9,19%"
"26.08.2020","0,0289","0,0293","0,0309","0,0277","73,31M","-2,24%"
"25.08.2020","0,0295","0,0316","0,0316","0,0276","107,76M","-6,47%"
"24.08.2020","0,0316","0,0331","0,0334","0,0316","42,97M","-4,74%"
"23.08.2020","0,0331","0,0320","0,0336","0,0318","74,88M","3,21%"
"22.08.2020","0,0321","0,0281","0,0337","0,0254","214,54M","14,48%"
"21.08.2020","0,0280","0,0355","0,0355","0,0280","149,99M","-20,91%"
"20.08.2020","0,0354","0,0299","0,0360","0,0298","248,96M","18,73%"
"19.08.2020","0,0299","0,0296","0,0303","0,0276","151,81M","0,61%"
"18.08.2020","0,0297","0,0263","0,0313","0,0263","221,60M","12,73%"
"17.08.2020","0,0263","0,0261","0,0282","0,0258","110,29M","0,80%"
"16.08.2020","0,0261","0,0272","0,0272","0,0251","277,40M","-3,65%"
"15.08.2020","0,0271","0,0199","0,0276","0,0195","337,07M","36,46%"
"14.08.2020","0,0199","0,0192","0,0203","0,0191","78,52M","3,65%"
"13.08.2020","0,0192","0,0187","0,0209","0,0185","195,74M","2,51%"
"12.08.2020","0,0187","0,0163","0,0187","0,0150","176,79M","14,73%"
"11.08.2020","0,0163","0,0183","0,0183","0,0159","112,49M","-11,47%"
"10.08.2020","0,0184","0,0181","0,0184","0,0172","131,72M","1,66%"
"09.08.2020","0,0181","0,0174","0,0182","0,0171","138,01M","4,02%"
"08.08.2020","0,0174","0,0166","0,0174","0,0164","99,06M","4,95%"
"07.08.2020","0,0166","0,0161","0,0174","0,0159","123,99M","2,85%"
"06.08.2020","0,0161","0,0158","0,0166","0,0157","166,59M","2,03%"
"05.08.2020","0,0158","0,0137","0,0158","0,0135","144,28M","15,84%"
"04.08.2020","0,0136","0,0133","0,0140","0,0130","83,84M","2,33%"
"03.08.2020","0,0133","0,0131","0,0137","0,0131","90,17M","2,15%"
"02.08.2020","0,0131","0,0130","0,0132","0,0126","92,11M","0,00%"
"01.08.2020","0,0130","0,0132","0,0134","0,0130","65,40M","-1,89%"
"31.07.2020","0,0133","0,0138","0,0138","0,0132","110,61M","-3,98%"
"30.07.2020","0,0138","0,0127","0,0142","0,0127","134,90M","9,95%"
"29.07.2020","0,0126","0,0129","0,0134","0,0126","92,53M","-2,94%"
"28.07.2020","0,0129","0,0123","0,0134","0,0123","135,04M","4,61%"
"27.07.2020","0,0124","0,0152","0,0152","0,0115","261,76M","-17,81%"
"26.07.2020","0,0150","0,0139","0,0150","0,0138","137,74M","8,35%"
"25.07.2020","0,0139","0,0147","0,0152","0,0139","160,82M","-5,38%"
"24.07.2020","0,0147","0,0146","0,0147","0,0137","80,26M","0,75%"
"23.07.2020","0,0146","0,0148","0,0156","0,0143","188,70M","0,00%"
"22.07.2020","0,0146","0,0153","0,0161","0,0146","209,99M","-4,07%"
"21.07.2020","0,0152","0,0162","0,0175","0,0152","545,33M","-6,04%"
"20.07.2020","0,0162","0,0128","0,0162","0,0126","525,94M","26,42%"
"19.07.2020","0,0128","0,0120","0,0128","0,0116","132,15M","6,92%"
"18.07.2020","0,0120","0,0128","0,0128","0,0117","231,83M","-5,36%"
"17.07.2020","0,0127","0,0101","0,0127","0,0100","334,80M","24,93%"
"16.07.2020","0,0102","0,0106","0,0106","0,0098","121,68M","-4,06%"
"15.07.2020","0,0106","0,0108","0,0109","0,0105","71,21M","-1,86%"
"14.07.2020","0,0108","0,0107","0,0110","0,0106","105,19M","0,84%"
"13.07.2020","0,0107","0,0118","0,0120","0,0107","158,15M","-8,87%"
"12.07.2020","0,0117","0,0113","0,0121","0,0113","195,01M","4,36%"
"11.07.2020","0,0112","0,0104","0,0115","0,0104","263,08M","8,39%"
"10.07.2020","0,0104","0,0112","0,0112","0,0100","192,46M","-7,16%"
"09.07.2020","0,0112","0,0116","0,0116","0,0108","187,17M","-3,37%"
"08.07.2020","0,0116","0,0121","0,0121","0,0114","224,19M","-4,62%"
"07.07.2020","0,0121","0,0124","0,0132","0,0121","270,89M","-2,10%"
"06.07.2020","0,0124","0,0110","0,0132","0,0107","529,54M","12,55%"
"05.07.2020","0,0110","0,0114","0,0122","0,0106","360,72M","-3,42%"
"04.07.2020","0,0114","0,0128","0,0140","0,0113","668,43M","-11,02%"
"03.07.2020","0,0128","0,0088","0,0133","0,0082","1,47B","45,95%"
"02.07.2020","0,0088","0,0060","0,0100","0,0059","908,57M","46,66%"
"01.07.2020","0,0060","0,0061","0,0061","0,0057","48,86M","-1,97%"
"30.06.2020","0,0061","0,0059","0,0061","0,0058","20,05M","2,87%"
"29.06.2020","0,0059","0,0060","0,0060","0,0056","29,67M","-1,33%"
"28.06.2020","0,0060","0,0057","0,0061","0,0056","26,23M","5,62%"
"27.06.2020","0,0057","0,0064","0,0064","0,0055","54,04M","-10,82%"
"26.06.2020","0,0064","0,0067","0,0069","0,0062","48,23M","-4,78%"
"25.06.2020","0,0067","0,0066","0,0068","0,0061","35,08M","1,67%"
"24.06.2020","0,0066","0,0070","0,0071","0,0064","73,01M","-6,39%"
"23.06.2020","0,0070","0,0070","0,0072","0,0070","21,82M","0,00%"
"22.06.2020","0,0070","0,0073","0,0074","0,0068","107,39M","-3,70%"
"21.06.2020","0,0073","0,0075","0,0077","0,0073","36,94M","-3,05%"
"20.06.2020","0,0075","0,0075","0,0077","0,0072","55,17M","0,00%"
"19.06.2020","0,0075","0,0073","0,0079","0,0070","83,69M","3,15%"
"18.06.2020","0,0073","0,0067","0,0074","0,0066","67,81M","8,62%"
"17.06.2020","0,0067","0,0068","0,0069","0,0065","20,47M","-1,03%"
"16.06.2020","0,0068","0,0066","0,0070","0,0065","53,96M","3,66%"
"15.06.2020","0,0066","0,0066","0,0066","0,0059","70,71M","0,00%"
"14.06.2020","0,0066","0,0067","0,0074","0,0064","106,81M","-1,79%"
"13.06.2020","0,0067","0,0060","0,0069","0,0060","97,75M","10,95%"
"12.06.2020","0,0060","0,0060","0,0062","0,0058","45,01M","0,00%"
"11.06.2020","0,0060","0,0066","0,0068","0,0058","102,85M","-9,35%"
"10.06.2020","0,0066","0,0062","0,0067","0,0061","62,59M","6,42%"
"09.06.2020","0,0062","0,0063","0,0064","0,0062","23,08M","0,00%"
"08.06.2020","0,0063","0,0063","0,0064","0,0062","18,52M","0,00%"
"07.06.2020","0,0063","0,0064","0,0065","0,0061","34,50M","-1,41%"
"06.06.2020","0,0064","0,0063","0,0065","0,0062","20,32M","2,07%"
"05.06.2020","0,0063","0,0065","0,0068","0,0062","57,39M","-2,94%"
"04.06.2020","0,0065","0,0063","0,0065","0,0060","80,55M","1,41%"
"03.06.2020","0,0064","0,0059","0,0066","0,0059","93,06M","8,15%"
"02.06.2020","0,0059","0,0056","0,0062","0,0055","105,67M","4,99%"
"01.06.2020","0,0056","0,0055","0,0060","0,0055","56,23M","0,00%"
"31.05.2020","0,0056","0,0058","0,0061","0,0055","83,91M","-4,47%"
"30.05.2020","0,0058","0,0060","0,0061","0,0057","59,32M","-2,51%"
"29.05.2020","0,0060","0,0055","0,0061","0,0055","54,46M","7,57%"
"28.05.2020","0,0055","0,0054","0,0057","0,0054","49,78M","0,00%"
"27.05.2020","0,0055","0,0058","0,0060","0,0053","120,86M","-5,33%"
"26.05.2020","0,0058","0,0057","0,0063","0,0056","106,09M","1,75%"
"25.05.2020","0,0057","0,0055","0,0061","0,0054","126,11M","3,62%"
"24.05.2020","0,0055","0,0058","0,0063","0,0053","198,87M","-4,83%"
"23.05.2020","0,0058","0,0053","0,0060","0,0052","87,72M","9,23%"
"22.05.2020","0,0053","0,0048","0,0056","0,0048","109,47M","10,62%"
"21.05.2020","0,0048","0,0051","0,0054","0,0045","105,21M","-6,61%"
"20.05.2020","0,0051","0,0048","0,0055","0,0048","148,95M","6,86%"
"19.05.2020","0,0048","0,0046","0,0052","0,0045","89,01M","3,89%"
"18.05.2020","0,0046","0,0046","0,0049","0,0045","108,27M","0,00%"
"17.05.2020","0,0046","0,0048","0,0050","0,0045","93,98M","-4,38%"
"16.05.2020","0,0048","0,0052","0,0052","0,0047","113,97M","-7,53%"
"15.05.2020","0,0052","0,0055","0,0057","0,0050","145,01M","-6,67%"
"14.05.2020","0,0055","0,0046","0,0056","0,0046","218,50M","19,61%"
"13.05.2020","0,0046","0,0039","0,0047","0,0039","153,54M","18,07%"
"12.05.2020","0,0039","0,0040","0,0041","0,0038","52,62M","0,00%"
"11.05.2020","0,0040","0,0036","0,0041","0,0035","138,13M","10,61%"
"10.05.2020","0,0036","0,0039","0,0039","0,0032","103,82M","-8,67%"
"09.05.2020","0,0039","0,0040","0,0041","0,0039","30,86M","-2,24%"
"08.05.2020","0,0040","0,0040","0,0041","0,0039","34,07M","-1,23%"
"07.05.2020","0,0041","0,0039","0,0041","0,0037","59,28M","3,05%"
"06.05.2020","0,0039","0,0044","0,0044","0,0039","71,69M","-9,63%"
"05.05.2020","0,0044","0,0044","0,0045","0,0043","26,38M","0,00%"
"04.05.2020","0,0044","0,0046","0,0046","0,0041","106,21M","-4,58%"
"03.05.2020","0,0046","0,0050","0,0050","0,0045","57,49M","-7,65%"
"02.05.2020","0,0050","0,0049","0,0050","0,0047","48,90M","1,43%"
"01.05.2020","0,0049","0,0046","0,0051","0,0046","75,79M","7,69%"
"30.04.2020","0,0046","0,0048","0,0052","0,0044","143,84M","-5,80%"
"29.04.2020","0,0048","0,0045","0,0050","0,0043","170,39M","9,28%"
"28.04.2020","0,0044","0,0044","0,0046","0,0042","81,12M","0,00%"
"27.04.2020","0,0044","0,0042","0,0049","0,0040","251,80M","5,74%"
"26.04.2020","0,0042","0,0037","0,0044","0,0037","155,35M","12,37%"
"25.04.2020","0,0037","0,0034","0,0037","0,0033","63,19M","10,39%"
"24.04.2020","0,0034","0,0032","0,0035","0,0031","55,76M","6,98%"
"23.04.2020","0,0032","0,0032","0,0032","0,0030","37,39M","0,00%"
"22.04.2020","0,0032","0,0030","0,0032","0,0029","17,53M","7,43%"
"21.04.2020","0,0030","0,0029","0,0030","0,0029","16,41M","0,00%"
"20.04.2020","0,0029","0,0033","0,0033","0,0029","43,05M","-10,09%"
"19.04.2020","0,0033","0,0033","0,0033","0,0032","17,16M","0,00%"
"18.04.2020","0,0033","0,0031","0,0033","0,0031","27,88M","6,75%"
"17.04.2020","0,0031","0,0031","0,0033","0,0031","63,52M","0,00%"
"16.04.2020","0,0031","0,0030","0,0032","0,0029","52,44M","6,08%"
"15.04.2020","0,0030","0,0032","0,0033","0,0029","33,80M","-8,64%"
"14.04.2020","0,0032","0,0033","0,0033","0,0032","21,39M","0,00%"
"13.04.2020","0,0033","0,0034","0,0034","0,0031","39,86M","-2,98%"
"12.04.2020","0,0034","0,0033","0,0036","0,0032","36,05M","1,82%"
"11.04.2020","0,0033","0,0032","0,0034","0,0032","39,02M","2,17%"
"10.04.2020","0,0032","0,0038","0,0038","0,0031","81,57M","-15,45%"
"09.04.2020","0,0038","0,0035","0,0039","0,0034","57,23M","9,77%"
"08.04.2020","0,0035","0,0034","0,0036","0,0034","35,33M","2,35%"
"07.04.2020","0,0034","0,0034","0,0037","0,0033","55,01M","0,00%"
"06.04.2020","0,0034","0,0032","0,0034","0,0032","32,52M","7,26%"
"05.04.2020","0,0032","0,0032","0,0033","0,0031","16,78M","-2,16%"
"04.04.2020","0,0032","0,0032","0,0033","0,0031","17,80M","2,21%"
"03.04.2020","0,0032","0,0031","0,0032","0,0030","28,74M","0,00%"
"02.04.2020","0,0031","0,0031","0,0033","0,0030","40,98M","0,00%"
"01.04.2020","0,0031","0,0031","0,0031","0,0029","53,54M","0,00%"
"31.03.2020","0,0031","0,0030","0,0034","0,0029","107,33M","3,03%"
"30.03.2020","0,0030","0,0027","0,0030","0,0027","34,84M","8,79%"
"29.03.2020","0,0027","0,0030","0,0030","0,0027","42,77M","-8,39%"
"28.03.2020","0,0030","0,0030","0,0031","0,0027","48,86M","0,00%"
"27.03.2020","0,0030","0,0032","0,0033","0,0029","61,39M","-4,46%"
"26.03.2020","0,0031","0,0031","0,0032","0,0030","36,55M","0,00%"
"25.03.2020","0,0031","0,0028","0,0032","0,0027","79,64M","9,89%"
"24.03.2020","0,0028","0,0028","0,0029","0,0027","47,40M","0,00%"
"23.03.2020","0,0028","0,0025","0,0028","0,0024","49,77M","10,76%"
"22.03.2020","0,0025","0,0027","0,0029","0,0025","56,53M","-7,72%"
"21.03.2020","0,0027","0,0028","0,0030","0,0026","98,23M","-3,55%"
"20.03.2020","0,0028","0,0030","0,0034","0,0025","137,98M","-5,05%"
"19.03.2020","0,0030","0,0023","0,0031","0,0023","157,69M","28,57%"
"18.03.2020","0,0023","0,0023","0,0024","0,0022","53,25M","0,00%"
"17.03.2020","0,0023","0,0023","0,0025","0,0022","58,68M","0,00%"
"16.03.2020","0,0023","0,0027","0,0027","0,0020","89,05M","-16,36%"
"15.03.2020","0,0027","0,0026","0,0029","0,0026","50,50M","5,36%"
"14.03.2020","0,0026","0,0028","0,0031","0,0025","44,90M","-7,45%"
"13.03.2020","0,0028","0,0026","0,0032","0,0017","134,96M","10,16%"
"12.03.2020","0,0026","0,0058","0,0059","0,0025","153,18M","-56,68%"
"11.03.2020","0,0059","0,0062","0,0065","0,0054","49,60M","-4,68%"
"10.03.2020","0,0062","0,0061","0,0066","0,0059","53,61M","1,31%"
"09.03.2020","0,0061","0,0063","0,0066","0,0057","60,37M","-3,16%"
"08.03.2020","0,0063","0,0078","0,0078","0,0063","103,82M","-18,56%"
"07.03.2020","0,0078","0,0077","0,0086","0,0074","168,49M","0,00%"
"06.03.2020","0,0077","0,0077","0,0079","0,0074","71,37M","0,00%"
"05.03.2020","0,0077","0,0068","0,0082","0,0068","113,92M","12,57%"
"04.03.2020","0,0068","0,0066","0,0071","0,0066","40,07M","2,86%"
"03.03.2020","0,0066","0,0068","0,0072","0,0066","101,04M","-2,06%"
"02.03.2020","0,0068","0,0064","0,0069","0,0063","66,72M","5,27%"
"01.03.2020","0,0065","0,0066","0,0068","0,0062","27,90M","-2,42%"
"29.02.2020","0,0066","0,0070","0,0071","0,0065","50,16M","-6,11%"
"28.02.2020","0,0070","0,0070","0,0072","0,0066","51,12M","1,00%"
"27.02.2020","0,0070","0,0071","0,0077","0,0066","46,59M","-1,13%"
"26.02.2020","0,0071","0,0079","0,0080","0,0066","112,01M","-10,53%"
"25.02.2020","0,0079","0,0090","0,0090","0,0077","69,45M","-12,54%"
"24.02.2020","0,0090","0,0096","0,0096","0,0088","33,85M","-6,15%"
"23.02.2020","0,0096","0,0092","0,0096","0,0091","52,05M","4,01%"
"22.02.2020","0,0092","0,0094","0,0094","0,0091","30,18M","-1,60%"
"21.02.2020","0,0094","0,0093","0,0098","0,0092","46,52M","0,86%"
"20.02.2020","0,0093","0,0098","0,0098","0,0089","63,61M","-5,01%"
"19.02.2020","0,0098","0,0106","0,0108","0,0096","22,32M","-7,73%"
"18.02.2020","0,0106","0,0104","0,0109","0,0101","28,71M","1,73%"
"17.02.2020","0,0104","0,0107","0,0107","0,0098","68,48M","-2,52%"
"16.02.2020","0,0107","0,0116","0,0119","0,0099","53,01M","-6,71%"
"15.02.2020","0,0115","0,0129","0,0130","0,0111","49,60M","-11,29%"
"14.02.2020","0,0129","0,0119","0,0129","0,0117","35,69M","8,38%"
"13.02.2020","0,0119","0,0120","0,0123","0,0111","89,08M","-0,91%"
"12.02.2020","0,0120","0,0114","0,0129","0,0113","83,87M","5,52%"
"11.02.2020","0,0114","0,0107","0,0116","0,0104","47,46M","5,65%"
"10.02.2020","0,0108","0,0110","0,0111","0,0100","68,03M","-1,73%"
"09.02.2020","0,0110","0,0106","0,0112","0,0105","30,65M","3,97%"
"08.02.2020","0,0106","0,0114","0,0114","0,0103","31,31M","-7,04%"
"07.02.2020","0,0114","0,0106","0,0116","0,0104","44,08M","6,86%"
"06.02.2020","0,0106","0,0099","0,0108","0,0098","44,70M","7,04%"
"05.02.2020","0,0099","0,0101","0,0102","0,0095","58,23M","-1,29%"
"04.02.2020","0,0101","0,0094","0,0102","0,0093","82,58M","6,79%"
"03.02.2020","0,0094","0,0093","0,0096","0,0091","29,14M","2,39%"
"02.02.2020","0,0092","0,0095","0,0096","0,0090","46,33M","-3,56%"
"01.02.2020","0,0095","0,0093","0,0099","0,0091","45,18M","2,69%"
"31.01.2020","0,0093","0,0088","0,0095","0,0086","40,81M","5,92%"
"30.01.2020","0,0088","0,0088","0,0090","0,0086","35,57M","0,00%"
"29.01.2020","0,0088","0,0091","0,0092","0,0088","49,16M","-3,42%"
"28.01.2020","0,0091","0,0096","0,0096","0,0090","71,99M","-5,91%"
"27.01.2020","0,0096","0,0097","0,0098","0,0093","20,57M","0,00%"
"26.01.2020","0,0097","0,0095","0,0099","0,0094","14,38M","1,47%"
"25.01.2020","0,0095","0,0094","0,0096","0,0092","11,74M","1,17%"
"24.01.2020","0,0094","0,0093","0,0096","0,0091","7,78M","0,86%"
"23.01.2020","0,0093","0,0095","0,0096","0,0091","11,21M","-2,31%"
"22.01.2020","0,0095","0,0096","0,0097","0,0095","10,82M","-0,63%"
"21.01.2020","0,0096","0,0095","0,0098","0,0094","17,45M","1,37%"
"20.01.2020","0,0095","0,0096","0,0097","0,0093","19,42M","-1,15%"
"19.01.2020","0,0096","0,0100","0,0101","0,0093","24,95M","-4,39%"
"18.01.2020","0,0100","0,0100","0,0103","0,0098","30,65M","0,00%"
"17.01.2020","0,0100","0,0096","0,0102","0,0094","39,84M","4,69%"
"16.01.2020","0,0096","0,0096","0,0097","0,0093","37,52M","0,00%"
"15.01.2020","0,0096","0,0094","0,0102","0,0092","106,92M","2,13%"
"14.01.2020","0,0094","0,0098","0,0100","0,0091","130,61M","-4,85%"
"13.01.2020","0,0099","0,0102","0,0103","0,0098","26,84M","-2,75%"
"12.01.2020","0,0102","0,0101","0,0103","0,0100","10,33M","0,99%"
"11.01.2020","0,0101","0,0103","0,0103","0,0101","9,76M","-2,42%"
"10.01.2020","0,0103","0,0101","0,0103","0,0100","6,07M","2,28%"
"09.01.2020","0,0101","0,0101","0,0105","0,0099","19,65M","0,00%"
"08.01.2020","0,0101","0,0104","0,0105","0,0100","16,75M","-2,22%"
"07.01.2020","0,0104","0,0108","0,0109","0,0103","23,28M","-3,72%"
"06.01.2020","0,0108","0,0105","0,0108","0,0104","19,47M","2,38%"
"05.01.2020","0,0105","0,0107","0,0107","0,0104","10,87M","-1,59%"
"04.01.2020","0,0107","0,0104","0,0108","0,0103","11,58M","3,19%"
"03.01.2020","0,0104","0,0102","0,0106","0,0101","10,08M","0,98%"
"02.01.2020","0,0103","0,0106","0,0107","0,0101","9,10M","-3,12%"
"01.01.2020","0,0106","0,0109","0,0110","0,0104","21,00M","-2,58%"
"31.12.2019","0,0109","0,0114","0,0114","0,0108","15,36M","-4,32%"
"30.12.2019","0,0114","0,0114","0,0116","0,0113","11,50M","-0,70%"
"29.12.2019","0,0114","0,0118","0,0122","0,0112","30,07M","-3,38%"
"28.12.2019","0,0118","0,0111","0,0121","0,0108","53,82M","6,29%"
"27.12.2019","0,0111","0,0103","0,0113","0,0103","20,38M","7,95%"
"26.12.2019","0,0103","0,0102","0,0111","0,0101","25,90M","1,08%"
"25.12.2019","0,0102","0,0110","0,0110","0,0099","19,10M","-7,27%"
"24.12.2019","0,0110","0,0100","0,0112","0,0098","59,36M","9,45%"
"23.12.2019","0,0100","0,0102","0,0103","0,0098","34,82M","-1,08%"
"22.12.2019","0,0102","0,0104","0,0104","0,0097","29,76M","-1,93%"
"21.12.2019","0,0104","0,0106","0,0108","0,0103","13,84M","-3,27%"
"20.12.2019","0,0107","0,0103","0,0109","0,0101","14,97M","3,88%"
"19.12.2019","0,0103","0,0108","0,0109","0,0100","26,93M","-4,27%"
"18.12.2019","0,0108","0,0099","0,0110","0,0094","10,99M","9,12%"
"17.12.2019","0,0099","0,0109","0,0111","0,0095","14,14M","-10,35%"
"16.12.2019","0,0110","0,0120","0,0123","0,0108","15,49M","-8,10%"
"15.12.2019","0,0120","0,0113","0,0127","0,0113","14,16M","5,64%"
"14.12.2019","0,0113","0,0113","0,0117","0,0110","9,51M","0,00%"
"13.12.2019","0,0113","0,0110","0,0116","0,0110","6,59M","2,72%"
"12.12.2019","0,0110","0,0113","0,0114","0,0109","10,73M","-1,61%"
"11.12.2019","0,0112","0,0109","0,0119","0,0108","13,83M","2,57%"
"10.12.2019","0,0109","0,0124","0,0126","0,0105","35,02M","-11,66%"
"09.12.2019","0,0124","0,0127","0,0132","0,0121","21,37M","-2,99%"
"08.12.2019","0,0127","0,0134","0,0135","0,0123","32,28M","-4,86%"
"07.12.2019","0,0134","0,0133","0,0138","0,0131","15,05M","0,53%"
"06.12.2019","0,0133","0,0126","0,0136","0,0122","18,65M","5,72%"
"05.12.2019","0,0126","0,0121","0,0127","0,0117","12,32M","4,39%"
"04.12.2019","0,0121","0,0119","0,0127","0,0114","26,21M","1,43%"
"03.12.2019","0,0119","0,0121","0,0123","0,0110","43,93M","-1,57%"
"02.12.2019","0,0121","0,0128","0,0129","0,0119","8,27M","-5,77%"
"01.12.2019","0,0128","0,0126","0,0129","0,0120","8,87M","1,67%"
"30.11.2019","0,0126","0,0130","0,0132","0,0123","10,78M","-2,78%"
"29.11.2019","0,0130","0,0129","0,0136","0,0127","12,89M","0,70%"
"28.11.2019","0,0129","0,0128","0,0139","0,0123","25,64M","0,86%"
"27.11.2019","0,0128","0,0120","0,0128","0,0110","18,44M","6,77%"
"26.11.2019","0,0120","0,0112","0,0124","0,0111","28,03M","7,84%"
"25.11.2019","0,0111","0,0097","0,0114","0,0090","16,81M","15,04%"
"24.11.2019","0,0096","0,0105","0,0106","0,0096","7,43M","-8,37%"
"23.11.2019","0,0105","0,0100","0,0108","0,0098","8,25M","4,99%"
"22.11.2019","0,0100","0,0105","0,0106","0,0093","13,52M","-4,21%"
"21.11.2019","0,0105","0,0113","0,0114","0,0102","15,56M","-7,68%"
"20.11.2019","0,0113","0,0119","0,0120","0,0113","4,62M","-4,55%"
"19.11.2019","0,0119","0,0121","0,0122","0,0113","6,57M","-2,30%"